-- 
-- configuracion_descuento
--
INSERT INTO configuracion_descuento(id_descuento, codigo_tipo_descuento, descripcion, resolucion_especial, interes_comparendo, fecha_vigencia_inicio, fecha_vigencia_fin, codigo_fecha_origen, dias_desde_fecha_imposicion, limite, codigo_organismo, cantidad_dias_habiles, cantidad_dias_calendario) VALUES (1, 1, 'Ninguna', 1, 0, '2015-02-02', NULL, 1, 10, NULL, 11001, 5, 5);
INSERT INTO configuracion_descuento(id_descuento, codigo_tipo_descuento, descripcion, resolucion_especial, interes_comparendo, fecha_vigencia_inicio, fecha_vigencia_fin, codigo_fecha_origen, dias_desde_fecha_imposicion, limite, codigo_organismo, cantidad_dias_habiles, cantidad_dias_calendario) VALUES (2, 1, 'Ninguna', 1, 0, '2015-02-02', NULL, 2, 10, NULL, 11001, 5, 5);

-- 
-- descuento_medio_imposicion
--
INSERT INTO descuento_medio_imposicion(id_descuento, codigo_medio_imposicion) VALUES (1, 1);
INSERT INTO descuento_medio_imposicion(id_descuento, codigo_medio_imposicion) VALUES (2, 2);

-- 
-- Dumping data for table descuento_notificacion
--
INSERT INTO descuento_notificacion(id_descuento, id_tipo_notificacion) VALUES (1, 2);
INSERT INTO descuento_notificacion(id_descuento, id_tipo_notificacion) VALUES (1, 4);
INSERT INTO descuento_notificacion(id_descuento, id_tipo_notificacion) VALUES (2, 2);
INSERT INTO descuento_notificacion(id_descuento, id_tipo_notificacion) VALUES (2, 4);

-- 
--  infraccion
-- 
INSERT INTO infraccion (ID_INFRACCION, ID_TIPO_INFRACCION, NUMERAL_INFRACCION, CODIGO_INFRACCION, id_tipo_comparendo) VALUES ('-1', '1', '1', 'A_1', 1);
-- 
--  configuracion_infraccion
-- 
INSERT INTO configuracion_infraccion(id_configuracion_infraccion, id_infraccion, descripcion, id_normatividad, articulo, fecha_articulo, requiere_placa, infractor_obligatorio, dias_genera_cartera, dia_habil_genera_cartera, id_entidad_agente, id_causal_infraccion, id_ordenamiento_pais, fecha_inicio_vigencia, fecha_fin_vigencia, genera_cartera, aplica_embriaguez, aplica_descuento, genera_resolucion_automatica, condiciones_especiales) VALUES (-12, -1, 'aaaaaaaaaaa', 3, 'lEY 2', '2011-11-10', 1, 1, 0, 0, 1, 1, 1, '2009-11-19', NULL, 0, 1, 0, 0, 0);


INSERT INTO tipo_sancion_confi_infra(id_tipo_sancion, id_configuracion_infraccion) VALUES (1, -12);
-- 
--  direccion
-- 
INSERT INTO direccion (ID_DIRECCION, CODIGO_TIPO_VIA_PRINCIPAL, NUMERO_VIA_PRINCIPAL, CODIGO_NOMBRE_VIA_PRINCIPAL, LETRA_VIA_PRINCIPAL, BIS_VIA_PRINCIPAL, LETRA_BIS_VIA_PRINCIPAL, CODIGO_CARDINALIDAD_VIA_PRINC, CODIGO_TIPO_VIA_SECUNDARIA, NUMERO_VIA_SECUNDARIA, CODIGO_NOMBRE_VIA_SECUNDARIA, LETRA_VIA_SECUNDARIA, BIS_VIA_SECUNDARIA, LETRA_BIS_VIA_SECUNDARIA, NUMERO_PLACA_DOMICILIARIA, CODIGO_CARDINALIDAD_VIA_SECUN, COMPLEMENTO, ID_MUNICIPIO, ID_LOCALIDAD, CODIGO_TIPO_UBICABILIDAD, BARRIO, CODIGO_TIPO_COORDENADA, LATITUD, LONGITUD) VALUES ('-8', '3', NULL, '17', NULL, NULL, NULL, NULL, '1', '31', NULL, NULL, NULL, NULL, '20', NULL, NULL, '149', NULL, '1', NULL, NULL, NULL, NULL);
INSERT INTO direccion (ID_DIRECCION, CODIGO_TIPO_VIA_PRINCIPAL, NUMERO_VIA_PRINCIPAL, CODIGO_NOMBRE_VIA_PRINCIPAL, LETRA_VIA_PRINCIPAL, BIS_VIA_PRINCIPAL, LETRA_BIS_VIA_PRINCIPAL, CODIGO_CARDINALIDAD_VIA_PRINC, CODIGO_TIPO_VIA_SECUNDARIA, NUMERO_VIA_SECUNDARIA, CODIGO_NOMBRE_VIA_SECUNDARIA, LETRA_VIA_SECUNDARIA, BIS_VIA_SECUNDARIA, LETRA_BIS_VIA_SECUNDARIA, NUMERO_PLACA_DOMICILIARIA, CODIGO_CARDINALIDAD_VIA_SECUN, COMPLEMENTO, ID_MUNICIPIO, ID_LOCALIDAD, CODIGO_TIPO_UBICABILIDAD, BARRIO, CODIGO_TIPO_COORDENADA, LATITUD, LONGITUD) VALUES ('-9', '3', NULL, '17', NULL, NULL, NULL, NULL, '1', '32', NULL, NULL, NULL, NULL, '21', NULL, NULL, '149', NULL, '1', NULL, NULL, NULL, NULL);
INSERT INTO direccion (ID_DIRECCION, CODIGO_TIPO_VIA_PRINCIPAL, NUMERO_VIA_PRINCIPAL, CODIGO_NOMBRE_VIA_PRINCIPAL, LETRA_VIA_PRINCIPAL, BIS_VIA_PRINCIPAL, LETRA_BIS_VIA_PRINCIPAL, CODIGO_CARDINALIDAD_VIA_PRINC, CODIGO_TIPO_VIA_SECUNDARIA, NUMERO_VIA_SECUNDARIA, CODIGO_NOMBRE_VIA_SECUNDARIA, LETRA_VIA_SECUNDARIA, BIS_VIA_SECUNDARIA, LETRA_BIS_VIA_SECUNDARIA, NUMERO_PLACA_DOMICILIARIA, CODIGO_CARDINALIDAD_VIA_SECUN, COMPLEMENTO, ID_MUNICIPIO, ID_LOCALIDAD, CODIGO_TIPO_UBICABILIDAD, BARRIO, CODIGO_TIPO_COORDENADA, LATITUD, LONGITUD) VALUES ('-10', '3', NULL, '17', NULL, NULL, NULL, NULL, '1', '31', NULL, NULL, NULL, NULL, '20', NULL, NULL, '149', NULL, '1', NULL, NULL, NULL, NULL);
INSERT INTO direccion (ID_DIRECCION, CODIGO_TIPO_VIA_PRINCIPAL, NUMERO_VIA_PRINCIPAL, CODIGO_NOMBRE_VIA_PRINCIPAL, LETRA_VIA_PRINCIPAL, BIS_VIA_PRINCIPAL, LETRA_BIS_VIA_PRINCIPAL, CODIGO_CARDINALIDAD_VIA_PRINC, CODIGO_TIPO_VIA_SECUNDARIA, NUMERO_VIA_SECUNDARIA, CODIGO_NOMBRE_VIA_SECUNDARIA, LETRA_VIA_SECUNDARIA, BIS_VIA_SECUNDARIA, LETRA_BIS_VIA_SECUNDARIA, NUMERO_PLACA_DOMICILIARIA, CODIGO_CARDINALIDAD_VIA_SECUN, COMPLEMENTO, ID_MUNICIPIO, ID_LOCALIDAD, CODIGO_TIPO_UBICABILIDAD, BARRIO, CODIGO_TIPO_COORDENADA, LATITUD, LONGITUD) VALUES ('-11', '3', NULL, '17', NULL, NULL, NULL, NULL, '1', '31', NULL, NULL, NULL, NULL, '20', NULL, NULL, '149', NULL, '1', NULL, NULL, NULL, NULL);
INSERT INTO direccion (ID_DIRECCION, CODIGO_TIPO_VIA_PRINCIPAL, NUMERO_VIA_PRINCIPAL, CODIGO_NOMBRE_VIA_PRINCIPAL, LETRA_VIA_PRINCIPAL, BIS_VIA_PRINCIPAL, LETRA_BIS_VIA_PRINCIPAL, CODIGO_CARDINALIDAD_VIA_PRINC, CODIGO_TIPO_VIA_SECUNDARIA, NUMERO_VIA_SECUNDARIA, CODIGO_NOMBRE_VIA_SECUNDARIA, LETRA_VIA_SECUNDARIA, BIS_VIA_SECUNDARIA, LETRA_BIS_VIA_SECUNDARIA, NUMERO_PLACA_DOMICILIARIA, CODIGO_CARDINALIDAD_VIA_SECUN, COMPLEMENTO, ID_MUNICIPIO, ID_LOCALIDAD, CODIGO_TIPO_UBICABILIDAD, BARRIO, CODIGO_TIPO_COORDENADA, LATITUD, LONGITUD) VALUES ('-12', '3', NULL, '17', NULL, NULL, NULL, NULL, '1', '31', NULL, NULL, NULL, NULL, '20', NULL, NULL, '149', NULL, '1', NULL, NULL, NULL, NULL);
INSERT INTO direccion (ID_DIRECCION, CODIGO_TIPO_VIA_PRINCIPAL, NUMERO_VIA_PRINCIPAL, CODIGO_NOMBRE_VIA_PRINCIPAL, LETRA_VIA_PRINCIPAL, BIS_VIA_PRINCIPAL, LETRA_BIS_VIA_PRINCIPAL, CODIGO_CARDINALIDAD_VIA_PRINC, CODIGO_TIPO_VIA_SECUNDARIA, NUMERO_VIA_SECUNDARIA, CODIGO_NOMBRE_VIA_SECUNDARIA, LETRA_VIA_SECUNDARIA, BIS_VIA_SECUNDARIA, LETRA_BIS_VIA_SECUNDARIA, NUMERO_PLACA_DOMICILIARIA, CODIGO_CARDINALIDAD_VIA_SECUN, COMPLEMENTO, ID_MUNICIPIO, ID_LOCALIDAD, CODIGO_TIPO_UBICABILIDAD, BARRIO, CODIGO_TIPO_COORDENADA, LATITUD, LONGITUD) VALUES ('-13', '3', NULL, '17', NULL, NULL, NULL, NULL, '1', '31', NULL, NULL, NULL, NULL, '20', NULL, NULL, '149', NULL, '1', NULL, NULL, NULL, NULL);
INSERT INTO direccion (ID_DIRECCION, CODIGO_TIPO_VIA_PRINCIPAL, NUMERO_VIA_PRINCIPAL, CODIGO_NOMBRE_VIA_PRINCIPAL, LETRA_VIA_PRINCIPAL, BIS_VIA_PRINCIPAL, LETRA_BIS_VIA_PRINCIPAL, CODIGO_CARDINALIDAD_VIA_PRINC, CODIGO_TIPO_VIA_SECUNDARIA, NUMERO_VIA_SECUNDARIA, CODIGO_NOMBRE_VIA_SECUNDARIA, LETRA_VIA_SECUNDARIA, BIS_VIA_SECUNDARIA, LETRA_BIS_VIA_SECUNDARIA, NUMERO_PLACA_DOMICILIARIA, CODIGO_CARDINALIDAD_VIA_SECUN, COMPLEMENTO, ID_MUNICIPIO, ID_LOCALIDAD, CODIGO_TIPO_UBICABILIDAD, BARRIO, CODIGO_TIPO_COORDENADA, LATITUD, LONGITUD) VALUES ('-14', '3', NULL, '17', NULL, NULL, NULL, NULL, '1', '31', NULL, NULL, NULL, NULL, '20', NULL, NULL, '149', NULL, '1', NULL, NULL, NULL, NULL);
INSERT INTO direccion (ID_DIRECCION, CODIGO_TIPO_VIA_PRINCIPAL, NUMERO_VIA_PRINCIPAL, CODIGO_NOMBRE_VIA_PRINCIPAL, LETRA_VIA_PRINCIPAL, BIS_VIA_PRINCIPAL, LETRA_BIS_VIA_PRINCIPAL, CODIGO_CARDINALIDAD_VIA_PRINC, CODIGO_TIPO_VIA_SECUNDARIA, NUMERO_VIA_SECUNDARIA, CODIGO_NOMBRE_VIA_SECUNDARIA, LETRA_VIA_SECUNDARIA, BIS_VIA_SECUNDARIA, LETRA_BIS_VIA_SECUNDARIA, NUMERO_PLACA_DOMICILIARIA, CODIGO_CARDINALIDAD_VIA_SECUN, COMPLEMENTO, ID_MUNICIPIO, ID_LOCALIDAD, CODIGO_TIPO_UBICABILIDAD, BARRIO, CODIGO_TIPO_COORDENADA, LATITUD, LONGITUD) VALUES ('-15', '3', NULL, '17', NULL, NULL, NULL, NULL, '1', '31', NULL, NULL, NULL, NULL, '20', NULL, NULL, '149', NULL, '1', NULL, NULL, NULL, NULL);
INSERT INTO direccion (ID_DIRECCION, CODIGO_TIPO_VIA_PRINCIPAL, NUMERO_VIA_PRINCIPAL, CODIGO_NOMBRE_VIA_PRINCIPAL, LETRA_VIA_PRINCIPAL, BIS_VIA_PRINCIPAL, LETRA_BIS_VIA_PRINCIPAL, CODIGO_CARDINALIDAD_VIA_PRINC, CODIGO_TIPO_VIA_SECUNDARIA, NUMERO_VIA_SECUNDARIA, CODIGO_NOMBRE_VIA_SECUNDARIA, LETRA_VIA_SECUNDARIA, BIS_VIA_SECUNDARIA, LETRA_BIS_VIA_SECUNDARIA, NUMERO_PLACA_DOMICILIARIA, CODIGO_CARDINALIDAD_VIA_SECUN, COMPLEMENTO, ID_MUNICIPIO, ID_LOCALIDAD, CODIGO_TIPO_UBICABILIDAD, BARRIO, CODIGO_TIPO_COORDENADA, LATITUD, LONGITUD) VALUES ('-16', '3', NULL, '17', NULL, NULL, NULL, NULL, '1', '31', NULL, NULL, NULL, NULL, '20', NULL, NULL, '149', NULL, '1', NULL, NULL, NULL, NULL);
INSERT INTO direccion (ID_DIRECCION, CODIGO_TIPO_VIA_PRINCIPAL, NUMERO_VIA_PRINCIPAL, CODIGO_NOMBRE_VIA_PRINCIPAL, LETRA_VIA_PRINCIPAL, BIS_VIA_PRINCIPAL, LETRA_BIS_VIA_PRINCIPAL, CODIGO_CARDINALIDAD_VIA_PRINC, CODIGO_TIPO_VIA_SECUNDARIA, NUMERO_VIA_SECUNDARIA, CODIGO_NOMBRE_VIA_SECUNDARIA, LETRA_VIA_SECUNDARIA, BIS_VIA_SECUNDARIA, LETRA_BIS_VIA_SECUNDARIA, NUMERO_PLACA_DOMICILIARIA, CODIGO_CARDINALIDAD_VIA_SECUN, COMPLEMENTO, ID_MUNICIPIO, ID_LOCALIDAD, CODIGO_TIPO_UBICABILIDAD, BARRIO, CODIGO_TIPO_COORDENADA, LATITUD, LONGITUD) VALUES ('-17', '3', NULL, '17', NULL, NULL, NULL, NULL, '1', '31', NULL, NULL, NULL, NULL, '20', NULL, NULL, '149', NULL, '1', NULL, NULL, NULL, NULL);
INSERT INTO direccion (ID_DIRECCION, CODIGO_TIPO_VIA_PRINCIPAL, NUMERO_VIA_PRINCIPAL, CODIGO_NOMBRE_VIA_PRINCIPAL, LETRA_VIA_PRINCIPAL, BIS_VIA_PRINCIPAL, LETRA_BIS_VIA_PRINCIPAL, CODIGO_CARDINALIDAD_VIA_PRINC, CODIGO_TIPO_VIA_SECUNDARIA, NUMERO_VIA_SECUNDARIA, CODIGO_NOMBRE_VIA_SECUNDARIA, LETRA_VIA_SECUNDARIA, BIS_VIA_SECUNDARIA, LETRA_BIS_VIA_SECUNDARIA, NUMERO_PLACA_DOMICILIARIA, CODIGO_CARDINALIDAD_VIA_SECUN, COMPLEMENTO, ID_MUNICIPIO, ID_LOCALIDAD, CODIGO_TIPO_UBICABILIDAD, BARRIO, CODIGO_TIPO_COORDENADA, LATITUD, LONGITUD) VALUES ('-18', '3', NULL, '17', NULL, NULL, NULL, NULL, '1', '31', NULL, NULL, NULL, NULL, '20', NULL, NULL, '149', NULL, '1', NULL, NULL, NULL, NULL);
INSERT INTO direccion (ID_DIRECCION, CODIGO_TIPO_VIA_PRINCIPAL, NUMERO_VIA_PRINCIPAL, CODIGO_NOMBRE_VIA_PRINCIPAL, LETRA_VIA_PRINCIPAL, BIS_VIA_PRINCIPAL, LETRA_BIS_VIA_PRINCIPAL, CODIGO_CARDINALIDAD_VIA_PRINC, CODIGO_TIPO_VIA_SECUNDARIA, NUMERO_VIA_SECUNDARIA, CODIGO_NOMBRE_VIA_SECUNDARIA, LETRA_VIA_SECUNDARIA, BIS_VIA_SECUNDARIA, LETRA_BIS_VIA_SECUNDARIA, NUMERO_PLACA_DOMICILIARIA, CODIGO_CARDINALIDAD_VIA_SECUN, COMPLEMENTO, ID_MUNICIPIO, ID_LOCALIDAD, CODIGO_TIPO_UBICABILIDAD, BARRIO, CODIGO_TIPO_COORDENADA, LATITUD, LONGITUD) VALUES ('-19', '3', NULL, '17', NULL, NULL, NULL, NULL, '1', '31', NULL, NULL, NULL, NULL, '20', NULL, NULL, '149', NULL, '1', NULL, NULL, NULL, NULL);
INSERT INTO direccion (ID_DIRECCION, CODIGO_TIPO_VIA_PRINCIPAL, NUMERO_VIA_PRINCIPAL, CODIGO_NOMBRE_VIA_PRINCIPAL, LETRA_VIA_PRINCIPAL, BIS_VIA_PRINCIPAL, LETRA_BIS_VIA_PRINCIPAL, CODIGO_CARDINALIDAD_VIA_PRINC, CODIGO_TIPO_VIA_SECUNDARIA, NUMERO_VIA_SECUNDARIA, CODIGO_NOMBRE_VIA_SECUNDARIA, LETRA_VIA_SECUNDARIA, BIS_VIA_SECUNDARIA, LETRA_BIS_VIA_SECUNDARIA, NUMERO_PLACA_DOMICILIARIA, CODIGO_CARDINALIDAD_VIA_SECUN, COMPLEMENTO, ID_MUNICIPIO, ID_LOCALIDAD, CODIGO_TIPO_UBICABILIDAD, BARRIO, CODIGO_TIPO_COORDENADA, LATITUD, LONGITUD) VALUES ('-20', '3', NULL, '17', NULL, NULL, NULL, NULL, '1', '31', NULL, NULL, NULL, NULL, '20', NULL, NULL, '149', NULL, '1', NULL, NULL, NULL, NULL);
INSERT INTO direccion (ID_DIRECCION, CODIGO_TIPO_VIA_PRINCIPAL, NUMERO_VIA_PRINCIPAL, CODIGO_NOMBRE_VIA_PRINCIPAL, LETRA_VIA_PRINCIPAL, BIS_VIA_PRINCIPAL, LETRA_BIS_VIA_PRINCIPAL, CODIGO_CARDINALIDAD_VIA_PRINC, CODIGO_TIPO_VIA_SECUNDARIA, NUMERO_VIA_SECUNDARIA, CODIGO_NOMBRE_VIA_SECUNDARIA, LETRA_VIA_SECUNDARIA, BIS_VIA_SECUNDARIA, LETRA_BIS_VIA_SECUNDARIA, NUMERO_PLACA_DOMICILIARIA, CODIGO_CARDINALIDAD_VIA_SECUN, COMPLEMENTO, ID_MUNICIPIO, ID_LOCALIDAD, CODIGO_TIPO_UBICABILIDAD, BARRIO, CODIGO_TIPO_COORDENADA, LATITUD, LONGITUD) VALUES ('-21', '3', NULL, '17', NULL, NULL, NULL, NULL, '1', '31', NULL, NULL, NULL, NULL, '20', NULL, NULL, '149', NULL, '1', NULL, NULL, NULL, NULL);
INSERT INTO direccion (ID_DIRECCION, CODIGO_TIPO_VIA_PRINCIPAL, NUMERO_VIA_PRINCIPAL, CODIGO_NOMBRE_VIA_PRINCIPAL, LETRA_VIA_PRINCIPAL, BIS_VIA_PRINCIPAL, LETRA_BIS_VIA_PRINCIPAL, CODIGO_CARDINALIDAD_VIA_PRINC, CODIGO_TIPO_VIA_SECUNDARIA, NUMERO_VIA_SECUNDARIA, CODIGO_NOMBRE_VIA_SECUNDARIA, LETRA_VIA_SECUNDARIA, BIS_VIA_SECUNDARIA, LETRA_BIS_VIA_SECUNDARIA, NUMERO_PLACA_DOMICILIARIA, CODIGO_CARDINALIDAD_VIA_SECUN, COMPLEMENTO, ID_MUNICIPIO, ID_LOCALIDAD, CODIGO_TIPO_UBICABILIDAD, BARRIO, CODIGO_TIPO_COORDENADA, LATITUD, LONGITUD) VALUES ('-22', '3', NULL, '17', NULL, NULL, NULL, NULL, '1', '31', NULL, NULL, NULL, NULL, '20', NULL, NULL, '149', NULL, '1', NULL, NULL, NULL, NULL);
INSERT INTO direccion (ID_DIRECCION, CODIGO_TIPO_VIA_PRINCIPAL, NUMERO_VIA_PRINCIPAL, CODIGO_NOMBRE_VIA_PRINCIPAL, LETRA_VIA_PRINCIPAL, BIS_VIA_PRINCIPAL, LETRA_BIS_VIA_PRINCIPAL, CODIGO_CARDINALIDAD_VIA_PRINC, CODIGO_TIPO_VIA_SECUNDARIA, NUMERO_VIA_SECUNDARIA, CODIGO_NOMBRE_VIA_SECUNDARIA, LETRA_VIA_SECUNDARIA, BIS_VIA_SECUNDARIA, LETRA_BIS_VIA_SECUNDARIA, NUMERO_PLACA_DOMICILIARIA, CODIGO_CARDINALIDAD_VIA_SECUN, COMPLEMENTO, ID_MUNICIPIO, ID_LOCALIDAD, CODIGO_TIPO_UBICABILIDAD, BARRIO, CODIGO_TIPO_COORDENADA, LATITUD, LONGITUD) VALUES ('-23', '3', NULL, '17', NULL, NULL, NULL, NULL, '1', '31', NULL, NULL, NULL, NULL, '20', NULL, NULL, '149', NULL, '1', NULL, NULL, NULL, NULL);
INSERT INTO direccion (ID_DIRECCION, CODIGO_TIPO_VIA_PRINCIPAL, NUMERO_VIA_PRINCIPAL, CODIGO_NOMBRE_VIA_PRINCIPAL, LETRA_VIA_PRINCIPAL, BIS_VIA_PRINCIPAL, LETRA_BIS_VIA_PRINCIPAL, CODIGO_CARDINALIDAD_VIA_PRINC, CODIGO_TIPO_VIA_SECUNDARIA, NUMERO_VIA_SECUNDARIA, CODIGO_NOMBRE_VIA_SECUNDARIA, LETRA_VIA_SECUNDARIA, BIS_VIA_SECUNDARIA, LETRA_BIS_VIA_SECUNDARIA, NUMERO_PLACA_DOMICILIARIA, CODIGO_CARDINALIDAD_VIA_SECUN, COMPLEMENTO, ID_MUNICIPIO, ID_LOCALIDAD, CODIGO_TIPO_UBICABILIDAD, BARRIO, CODIGO_TIPO_COORDENADA, LATITUD, LONGITUD) VALUES ('-24', '3', NULL, '17', NULL, NULL, NULL, NULL, '1', '31', NULL, NULL, NULL, NULL, '20', NULL, NULL, '149', NULL, '1', NULL, NULL, NULL, NULL);
INSERT INTO direccion (ID_DIRECCION, CODIGO_TIPO_VIA_PRINCIPAL, NUMERO_VIA_PRINCIPAL, CODIGO_NOMBRE_VIA_PRINCIPAL, LETRA_VIA_PRINCIPAL, BIS_VIA_PRINCIPAL, LETRA_BIS_VIA_PRINCIPAL, CODIGO_CARDINALIDAD_VIA_PRINC, CODIGO_TIPO_VIA_SECUNDARIA, NUMERO_VIA_SECUNDARIA, CODIGO_NOMBRE_VIA_SECUNDARIA, LETRA_VIA_SECUNDARIA, BIS_VIA_SECUNDARIA, LETRA_BIS_VIA_SECUNDARIA, NUMERO_PLACA_DOMICILIARIA, CODIGO_CARDINALIDAD_VIA_SECUN, COMPLEMENTO, ID_MUNICIPIO, ID_LOCALIDAD, CODIGO_TIPO_UBICABILIDAD, BARRIO, CODIGO_TIPO_COORDENADA, LATITUD, LONGITUD) VALUES ('-25', '3', NULL, '17', NULL, NULL, NULL, NULL, '1', '31', NULL, NULL, NULL, NULL, '20', NULL, NULL, '149', NULL, '1', NULL, NULL, NULL, NULL);
INSERT INTO direccion (ID_DIRECCION, CODIGO_TIPO_VIA_PRINCIPAL, NUMERO_VIA_PRINCIPAL, CODIGO_NOMBRE_VIA_PRINCIPAL, LETRA_VIA_PRINCIPAL, BIS_VIA_PRINCIPAL, LETRA_BIS_VIA_PRINCIPAL, CODIGO_CARDINALIDAD_VIA_PRINC, CODIGO_TIPO_VIA_SECUNDARIA, NUMERO_VIA_SECUNDARIA, CODIGO_NOMBRE_VIA_SECUNDARIA, LETRA_VIA_SECUNDARIA, BIS_VIA_SECUNDARIA, LETRA_BIS_VIA_SECUNDARIA, NUMERO_PLACA_DOMICILIARIA, CODIGO_CARDINALIDAD_VIA_SECUN, COMPLEMENTO, ID_MUNICIPIO, ID_LOCALIDAD, CODIGO_TIPO_UBICABILIDAD, BARRIO, CODIGO_TIPO_COORDENADA, LATITUD, LONGITUD) VALUES ('-26', '3', NULL, '17', NULL, NULL, NULL, NULL, '1', '31', NULL, NULL, NULL, NULL, '20', NULL, NULL, '149', NULL, '1', NULL, NULL, NULL, NULL);
INSERT INTO direccion (ID_DIRECCION, CODIGO_TIPO_VIA_PRINCIPAL, NUMERO_VIA_PRINCIPAL, CODIGO_NOMBRE_VIA_PRINCIPAL, LETRA_VIA_PRINCIPAL, BIS_VIA_PRINCIPAL, LETRA_BIS_VIA_PRINCIPAL, CODIGO_CARDINALIDAD_VIA_PRINC, CODIGO_TIPO_VIA_SECUNDARIA, NUMERO_VIA_SECUNDARIA, CODIGO_NOMBRE_VIA_SECUNDARIA, LETRA_VIA_SECUNDARIA, BIS_VIA_SECUNDARIA, LETRA_BIS_VIA_SECUNDARIA, NUMERO_PLACA_DOMICILIARIA, CODIGO_CARDINALIDAD_VIA_SECUN, COMPLEMENTO, ID_MUNICIPIO, ID_LOCALIDAD, CODIGO_TIPO_UBICABILIDAD, BARRIO, CODIGO_TIPO_COORDENADA, LATITUD, LONGITUD) VALUES ('-27', '3', NULL, '17', NULL, NULL, NULL, NULL, '1', '31', NULL, NULL, NULL, NULL, '20', NULL, NULL, '149', NULL, '1', NULL, NULL, NULL, NULL);
INSERT INTO direccion (ID_DIRECCION, CODIGO_TIPO_VIA_PRINCIPAL, NUMERO_VIA_PRINCIPAL, CODIGO_NOMBRE_VIA_PRINCIPAL, LETRA_VIA_PRINCIPAL, BIS_VIA_PRINCIPAL, LETRA_BIS_VIA_PRINCIPAL, CODIGO_CARDINALIDAD_VIA_PRINC, CODIGO_TIPO_VIA_SECUNDARIA, NUMERO_VIA_SECUNDARIA, CODIGO_NOMBRE_VIA_SECUNDARIA, LETRA_VIA_SECUNDARIA, BIS_VIA_SECUNDARIA, LETRA_BIS_VIA_SECUNDARIA, NUMERO_PLACA_DOMICILIARIA, CODIGO_CARDINALIDAD_VIA_SECUN, COMPLEMENTO, ID_MUNICIPIO, ID_LOCALIDAD, CODIGO_TIPO_UBICABILIDAD, BARRIO, CODIGO_TIPO_COORDENADA, LATITUD, LONGITUD) VALUES ('-28', '3', NULL, '17', NULL, NULL, NULL, NULL, '1', '31', NULL, NULL, NULL, NULL, '20', NULL, NULL, '149', NULL, '1', NULL, NULL, NULL, NULL);
INSERT INTO direccion (ID_DIRECCION, CODIGO_TIPO_VIA_PRINCIPAL, NUMERO_VIA_PRINCIPAL, CODIGO_NOMBRE_VIA_PRINCIPAL, LETRA_VIA_PRINCIPAL, BIS_VIA_PRINCIPAL, LETRA_BIS_VIA_PRINCIPAL, CODIGO_CARDINALIDAD_VIA_PRINC, CODIGO_TIPO_VIA_SECUNDARIA, NUMERO_VIA_SECUNDARIA, CODIGO_NOMBRE_VIA_SECUNDARIA, LETRA_VIA_SECUNDARIA, BIS_VIA_SECUNDARIA, LETRA_BIS_VIA_SECUNDARIA, NUMERO_PLACA_DOMICILIARIA, CODIGO_CARDINALIDAD_VIA_SECUN, COMPLEMENTO, ID_MUNICIPIO, ID_LOCALIDAD, CODIGO_TIPO_UBICABILIDAD, BARRIO, CODIGO_TIPO_COORDENADA, LATITUD, LONGITUD) VALUES ('-29', '3', NULL, '17', NULL, NULL, NULL, NULL, '1', '31', NULL, NULL, NULL, NULL, '20', NULL, NULL, '149', NULL, '1', NULL, NULL, NULL, NULL);
INSERT INTO direccion (ID_DIRECCION, CODIGO_TIPO_VIA_PRINCIPAL, NUMERO_VIA_PRINCIPAL, CODIGO_NOMBRE_VIA_PRINCIPAL, LETRA_VIA_PRINCIPAL, BIS_VIA_PRINCIPAL, LETRA_BIS_VIA_PRINCIPAL, CODIGO_CARDINALIDAD_VIA_PRINC, CODIGO_TIPO_VIA_SECUNDARIA, NUMERO_VIA_SECUNDARIA, CODIGO_NOMBRE_VIA_SECUNDARIA, LETRA_VIA_SECUNDARIA, BIS_VIA_SECUNDARIA, LETRA_BIS_VIA_SECUNDARIA, NUMERO_PLACA_DOMICILIARIA, CODIGO_CARDINALIDAD_VIA_SECUN, COMPLEMENTO, ID_MUNICIPIO, ID_LOCALIDAD, CODIGO_TIPO_UBICABILIDAD, BARRIO, CODIGO_TIPO_COORDENADA, LATITUD, LONGITUD) VALUES ('-30', '3', NULL, '17', NULL, NULL, NULL, NULL, '1', '31', NULL, NULL, NULL, NULL, '20', NULL, NULL, '149', NULL, '1', NULL, NULL, NULL, NULL);
INSERT INTO direccion (ID_DIRECCION, CODIGO_TIPO_VIA_PRINCIPAL, NUMERO_VIA_PRINCIPAL, CODIGO_NOMBRE_VIA_PRINCIPAL, LETRA_VIA_PRINCIPAL, BIS_VIA_PRINCIPAL, LETRA_BIS_VIA_PRINCIPAL, CODIGO_CARDINALIDAD_VIA_PRINC, CODIGO_TIPO_VIA_SECUNDARIA, NUMERO_VIA_SECUNDARIA, CODIGO_NOMBRE_VIA_SECUNDARIA, LETRA_VIA_SECUNDARIA, BIS_VIA_SECUNDARIA, LETRA_BIS_VIA_SECUNDARIA, NUMERO_PLACA_DOMICILIARIA, CODIGO_CARDINALIDAD_VIA_SECUN, COMPLEMENTO, ID_MUNICIPIO, ID_LOCALIDAD, CODIGO_TIPO_UBICABILIDAD, BARRIO, CODIGO_TIPO_COORDENADA, LATITUD, LONGITUD) VALUES ('-31', '3', NULL, '17', NULL, NULL, NULL, NULL, '1', '31', NULL, NULL, NULL, NULL, '20', NULL, NULL, '149', NULL, '1', NULL, NULL, NULL, NULL);
INSERT INTO direccion (ID_DIRECCION, CODIGO_TIPO_VIA_PRINCIPAL, NUMERO_VIA_PRINCIPAL, CODIGO_NOMBRE_VIA_PRINCIPAL, LETRA_VIA_PRINCIPAL, BIS_VIA_PRINCIPAL, LETRA_BIS_VIA_PRINCIPAL, CODIGO_CARDINALIDAD_VIA_PRINC, CODIGO_TIPO_VIA_SECUNDARIA, NUMERO_VIA_SECUNDARIA, CODIGO_NOMBRE_VIA_SECUNDARIA, LETRA_VIA_SECUNDARIA, BIS_VIA_SECUNDARIA, LETRA_BIS_VIA_SECUNDARIA, NUMERO_PLACA_DOMICILIARIA, CODIGO_CARDINALIDAD_VIA_SECUN, COMPLEMENTO, ID_MUNICIPIO, ID_LOCALIDAD, CODIGO_TIPO_UBICABILIDAD, BARRIO, CODIGO_TIPO_COORDENADA, LATITUD, LONGITUD) VALUES ('-32', '3', NULL, '17', NULL, NULL, NULL, NULL, '1', '31', NULL, NULL, NULL, NULL, '20', NULL, NULL, '149', NULL, '1', NULL, NULL, NULL, NULL);
INSERT INTO direccion (ID_DIRECCION, CODIGO_TIPO_VIA_PRINCIPAL, NUMERO_VIA_PRINCIPAL, CODIGO_NOMBRE_VIA_PRINCIPAL, LETRA_VIA_PRINCIPAL, BIS_VIA_PRINCIPAL, LETRA_BIS_VIA_PRINCIPAL, CODIGO_CARDINALIDAD_VIA_PRINC, CODIGO_TIPO_VIA_SECUNDARIA, NUMERO_VIA_SECUNDARIA, CODIGO_NOMBRE_VIA_SECUNDARIA, LETRA_VIA_SECUNDARIA, BIS_VIA_SECUNDARIA, LETRA_BIS_VIA_SECUNDARIA, NUMERO_PLACA_DOMICILIARIA, CODIGO_CARDINALIDAD_VIA_SECUN, COMPLEMENTO, ID_MUNICIPIO, ID_LOCALIDAD, CODIGO_TIPO_UBICABILIDAD, BARRIO, CODIGO_TIPO_COORDENADA, LATITUD, LONGITUD) VALUES ('-33', '3', NULL, '17', NULL, NULL, NULL, NULL, '1', '31', NULL, NULL, NULL, NULL, '20', NULL, NULL, '149', NULL, '1', NULL, NULL, NULL, NULL);
INSERT INTO direccion (ID_DIRECCION, CODIGO_TIPO_VIA_PRINCIPAL, NUMERO_VIA_PRINCIPAL, CODIGO_NOMBRE_VIA_PRINCIPAL, LETRA_VIA_PRINCIPAL, BIS_VIA_PRINCIPAL, LETRA_BIS_VIA_PRINCIPAL, CODIGO_CARDINALIDAD_VIA_PRINC, CODIGO_TIPO_VIA_SECUNDARIA, NUMERO_VIA_SECUNDARIA, CODIGO_NOMBRE_VIA_SECUNDARIA, LETRA_VIA_SECUNDARIA, BIS_VIA_SECUNDARIA, LETRA_BIS_VIA_SECUNDARIA, NUMERO_PLACA_DOMICILIARIA, CODIGO_CARDINALIDAD_VIA_SECUN, COMPLEMENTO, ID_MUNICIPIO, ID_LOCALIDAD, CODIGO_TIPO_UBICABILIDAD, BARRIO, CODIGO_TIPO_COORDENADA, LATITUD, LONGITUD) VALUES ('-34', '3', NULL, '17', NULL, NULL, NULL, NULL, '1', '31', NULL, NULL, NULL, NULL, '20', NULL, NULL, '149', NULL, '1', NULL, NULL, NULL, NULL);
INSERT INTO direccion (ID_DIRECCION, CODIGO_TIPO_VIA_PRINCIPAL, NUMERO_VIA_PRINCIPAL, CODIGO_NOMBRE_VIA_PRINCIPAL, LETRA_VIA_PRINCIPAL, BIS_VIA_PRINCIPAL, LETRA_BIS_VIA_PRINCIPAL, CODIGO_CARDINALIDAD_VIA_PRINC, CODIGO_TIPO_VIA_SECUNDARIA, NUMERO_VIA_SECUNDARIA, CODIGO_NOMBRE_VIA_SECUNDARIA, LETRA_VIA_SECUNDARIA, BIS_VIA_SECUNDARIA, LETRA_BIS_VIA_SECUNDARIA, NUMERO_PLACA_DOMICILIARIA, CODIGO_CARDINALIDAD_VIA_SECUN, COMPLEMENTO, ID_MUNICIPIO, ID_LOCALIDAD, CODIGO_TIPO_UBICABILIDAD, BARRIO, CODIGO_TIPO_COORDENADA, LATITUD, LONGITUD) VALUES ('-35', '3', NULL, '17', NULL, NULL, NULL, NULL, '1', '31', NULL, NULL, NULL, NULL, '20', NULL, NULL, '149', NULL, '1', NULL, NULL, NULL, NULL);
INSERT INTO direccion (ID_DIRECCION, CODIGO_TIPO_VIA_PRINCIPAL, NUMERO_VIA_PRINCIPAL, CODIGO_NOMBRE_VIA_PRINCIPAL, LETRA_VIA_PRINCIPAL, BIS_VIA_PRINCIPAL, LETRA_BIS_VIA_PRINCIPAL, CODIGO_CARDINALIDAD_VIA_PRINC, CODIGO_TIPO_VIA_SECUNDARIA, NUMERO_VIA_SECUNDARIA, CODIGO_NOMBRE_VIA_SECUNDARIA, LETRA_VIA_SECUNDARIA, BIS_VIA_SECUNDARIA, LETRA_BIS_VIA_SECUNDARIA, NUMERO_PLACA_DOMICILIARIA, CODIGO_CARDINALIDAD_VIA_SECUN, COMPLEMENTO, ID_MUNICIPIO, ID_LOCALIDAD, CODIGO_TIPO_UBICABILIDAD, BARRIO, CODIGO_TIPO_COORDENADA, LATITUD, LONGITUD) VALUES ('-36', '3', NULL, '17', NULL, NULL, NULL, NULL, '1', '31', NULL, NULL, NULL, NULL, '20', NULL, NULL, '149', NULL, '1', NULL, NULL, NULL, NULL);
INSERT INTO direccion (ID_DIRECCION, CODIGO_TIPO_VIA_PRINCIPAL, NUMERO_VIA_PRINCIPAL, CODIGO_NOMBRE_VIA_PRINCIPAL, LETRA_VIA_PRINCIPAL, BIS_VIA_PRINCIPAL, LETRA_BIS_VIA_PRINCIPAL, CODIGO_CARDINALIDAD_VIA_PRINC, CODIGO_TIPO_VIA_SECUNDARIA, NUMERO_VIA_SECUNDARIA, CODIGO_NOMBRE_VIA_SECUNDARIA, LETRA_VIA_SECUNDARIA, BIS_VIA_SECUNDARIA, LETRA_BIS_VIA_SECUNDARIA, NUMERO_PLACA_DOMICILIARIA, CODIGO_CARDINALIDAD_VIA_SECUN, COMPLEMENTO, ID_MUNICIPIO, ID_LOCALIDAD, CODIGO_TIPO_UBICABILIDAD, BARRIO, CODIGO_TIPO_COORDENADA, LATITUD, LONGITUD) VALUES ('-37', '3', NULL, '17', NULL, NULL, NULL, NULL, '1', '31', NULL, NULL, NULL, NULL, '20', NULL, NULL, '149', NULL, '1', NULL, NULL, NULL, NULL);
INSERT INTO direccion (ID_DIRECCION, CODIGO_TIPO_VIA_PRINCIPAL, NUMERO_VIA_PRINCIPAL, CODIGO_NOMBRE_VIA_PRINCIPAL, LETRA_VIA_PRINCIPAL, BIS_VIA_PRINCIPAL, LETRA_BIS_VIA_PRINCIPAL, CODIGO_CARDINALIDAD_VIA_PRINC, CODIGO_TIPO_VIA_SECUNDARIA, NUMERO_VIA_SECUNDARIA, CODIGO_NOMBRE_VIA_SECUNDARIA, LETRA_VIA_SECUNDARIA, BIS_VIA_SECUNDARIA, LETRA_BIS_VIA_SECUNDARIA, NUMERO_PLACA_DOMICILIARIA, CODIGO_CARDINALIDAD_VIA_SECUN, COMPLEMENTO, ID_MUNICIPIO, ID_LOCALIDAD, CODIGO_TIPO_UBICABILIDAD, BARRIO, CODIGO_TIPO_COORDENADA, LATITUD, LONGITUD) VALUES ('-38', '3', NULL, '17', NULL, NULL, NULL, NULL, '1', '31', NULL, NULL, NULL, NULL, '20', NULL, NULL, '149', NULL, '1', NULL, NULL, NULL, NULL);
INSERT INTO direccion (ID_DIRECCION, CODIGO_TIPO_VIA_PRINCIPAL, NUMERO_VIA_PRINCIPAL, CODIGO_NOMBRE_VIA_PRINCIPAL, LETRA_VIA_PRINCIPAL, BIS_VIA_PRINCIPAL, LETRA_BIS_VIA_PRINCIPAL, CODIGO_CARDINALIDAD_VIA_PRINC, CODIGO_TIPO_VIA_SECUNDARIA, NUMERO_VIA_SECUNDARIA, CODIGO_NOMBRE_VIA_SECUNDARIA, LETRA_VIA_SECUNDARIA, BIS_VIA_SECUNDARIA, LETRA_BIS_VIA_SECUNDARIA, NUMERO_PLACA_DOMICILIARIA, CODIGO_CARDINALIDAD_VIA_SECUN, COMPLEMENTO, ID_MUNICIPIO, ID_LOCALIDAD, CODIGO_TIPO_UBICABILIDAD, BARRIO, CODIGO_TIPO_COORDENADA, LATITUD, LONGITUD) VALUES ('-39', '3', NULL, '17', NULL, NULL, NULL, NULL, '1', '31', NULL, NULL, NULL, NULL, '20', NULL, NULL, '149', NULL, '1', NULL, NULL, NULL, NULL);
-- 
--  persona
-- 
INSERT INTO persona (ID_PERSONA, ID_TIPO_IDENTIFICACION, NUMERO_IDENTIFICACION, CODIGO_FUENTE_INFORMACION, CODIGO_ORGANISMO, FECHA_ULTIMA_ACTUALIZACION, ID_MUNICIPIO_EXPEDICION_DOCUM, FECHA_EXPEDICION_DOCUMENTO, FECHA_NACIMIENTO, FECHA_FALLECIMIENTO, NUMERO_TELEFONICO, ID_ESTADO_CIVIL, GENERO, APELLIDO1, APELLIDO2, NOMBRE1, NOMBRE2, CORREO_ELECTRONICO, NUMERO_CELULAR, NOMBRE_EMPRESA_LABORA, notifica_direccion_empre_labor, CARGO_EMPRESA_LABORA, TELEFONO_EMPRESA_LABORA, FAX_EMPRESA_LABORA, HUELLA_DIGITAL, RUTA_FOTO, FECHA_FOTO, CODIGO_TIPO_VIVIENDA, CODIGO_NIVEL_EDUCATIVO) VALUES ('-19', '1', '10000000018', '7', '11001', '2014-06-04', '150', '2014-06-04', '2014-06-04', NULL, '1000018', '3', 'M', 'apellido1_18', 'apellido2_18', 'nombre1_18', 'nombre2_18', 'nombre1_18@datatools.com.co', NULL, NULL, NULL, NULL, NULL, NULL, NULL, NULL, NULL, '2', '2');
INSERT INTO persona (ID_PERSONA, ID_TIPO_IDENTIFICACION, NUMERO_IDENTIFICACION, CODIGO_FUENTE_INFORMACION, CODIGO_ORGANISMO, FECHA_ULTIMA_ACTUALIZACION, ID_MUNICIPIO_EXPEDICION_DOCUM, FECHA_EXPEDICION_DOCUMENTO, FECHA_NACIMIENTO, FECHA_FALLECIMIENTO, NUMERO_TELEFONICO, ID_ESTADO_CIVIL, GENERO, APELLIDO1, APELLIDO2, NOMBRE1, NOMBRE2, CORREO_ELECTRONICO, NUMERO_CELULAR, NOMBRE_EMPRESA_LABORA, notifica_direccion_empre_labor, CARGO_EMPRESA_LABORA, TELEFONO_EMPRESA_LABORA, FAX_EMPRESA_LABORA, HUELLA_DIGITAL, RUTA_FOTO, FECHA_FOTO, CODIGO_TIPO_VIVIENDA, CODIGO_NIVEL_EDUCATIVO) VALUES ('-21', '3', '10000000020', '9', '11001', '2014-06-04', '149', '2014-06-04', '2014-06-04', NULL, '1000020', '1', 'M', 'apellido1_20', 'apellido2_20', 'nombre1_20', 'nombre2_20', 'nombre1_20@datatools.com.co', NULL, NULL, NULL, NULL, NULL, NULL, NULL, NULL, NULL, NULL, NULL);
INSERT INTO persona(id_persona, id_tipo_identificacion, numero_identificacion, codigo_fuente_informacion, codigo_organismo, fecha_ultima_actualizacion, id_municipio_expedicion_docum, fecha_expedicion_documento, fecha_nacimiento, fecha_fallecimiento, numero_telefonico, id_estado_civil, genero, apellido1, apellido2, nombre1, nombre2, correo_electronico, numero_celular, nombre_empresa_labora, notifica_direccion_empre_labor, cargo_empresa_labora, telefono_empresa_labora, fax_empresa_labora, huella_digital, ruta_foto, fecha_foto, codigo_tipo_vivienda, codigo_nivel_educativo) VALUES (266, 1, '80831378', 12, 11001, '2015-08-13', NULL, NULL, NULL, NULL, '6999999', NULL, NULL, 'Casas', NULL, 'Divier', NULL, 'divier.casas@gmail.com', NULL, NULL, NULL, NULL, NULL, NULL, NULL, NULL, NULL, NULL, NULL);
INSERT INTO persona(id_persona, id_tipo_identificacion, numero_identificacion, codigo_fuente_informacion, codigo_organismo, fecha_ultima_actualizacion, id_municipio_expedicion_docum, fecha_expedicion_documento, fecha_nacimiento, fecha_fallecimiento, numero_telefonico, id_estado_civil, genero, apellido1, apellido2, nombre1, nombre2, correo_electronico, numero_celular, nombre_empresa_labora, notifica_direccion_empre_labor, cargo_empresa_labora, telefono_empresa_labora, fax_empresa_labora, huella_digital, ruta_foto, fecha_foto, codigo_tipo_vivienda, codigo_nivel_educativo) VALUES (-102, 1, '6000002', 12, 11001, '2015-01-05', NULL, NULL, NULL, NULL, '7777777', 2, 'F', 'Infractor Apellido', 'Apellido dos', 'Nombre Infractor', NULL, 'luis.forero@datatools.com.co', NULL, NULL, NULL, NULL, NULL, NULL, NULL, NULL, NULL, NULL, NULL);
INSERT INTO persona(id_persona, id_tipo_identificacion, numero_identificacion, codigo_fuente_informacion, codigo_organismo, fecha_ultima_actualizacion, id_municipio_expedicion_docum, fecha_expedicion_documento, fecha_nacimiento, fecha_fallecimiento, numero_telefonico, id_estado_civil, genero, apellido1, apellido2, nombre1, nombre2, correo_electronico, numero_celular, nombre_empresa_labora, notifica_direccion_empre_labor, cargo_empresa_labora, telefono_empresa_labora, fax_empresa_labora, huella_digital, ruta_foto, fecha_foto, codigo_tipo_vivienda, codigo_nivel_educativo) VALUES (280, 1, '1012654987', 5, 11001, '2015-11-06', NULL, NULL, NULL, NULL, NULL, NULL, NULL, 'CALDERON', NULL, 'LEONARDO', NULL, NULL, NULL, NULL, NULL, NULL, NULL, NULL, NULL, NULL, NULL, NULL, NULL);
INSERT INTO persona(id_persona, id_tipo_identificacion, numero_identificacion, codigo_fuente_informacion, codigo_organismo, fecha_ultima_actualizacion, id_municipio_expedicion_docum, fecha_expedicion_documento, fecha_nacimiento, fecha_fallecimiento, numero_telefonico, id_estado_civil, genero, apellido1, apellido2, nombre1, nombre2, correo_electronico, numero_celular, nombre_empresa_labora, notifica_direccion_empre_labor, cargo_empresa_labora, telefono_empresa_labora, fax_empresa_labora, huella_digital, ruta_foto, fecha_foto, codigo_tipo_vivienda, codigo_nivel_educativo) VALUES (281, 1, '1015659753', 5, 11001, '2015-11-06', NULL, NULL, NULL, NULL, NULL, NULL, NULL, 'AVELLANEDA', 'GONZALES', 'JOSE', 'ARMANDO', 'JAVELLANEDA@GMAIL.COM', NULL, NULL, NULL, NULL, NULL, NULL, NULL, NULL, NULL, NULL, NULL);
INSERT INTO persona(id_persona, id_tipo_identificacion, numero_identificacion, codigo_fuente_informacion, codigo_organismo, fecha_ultima_actualizacion, id_municipio_expedicion_docum, fecha_expedicion_documento, fecha_nacimiento, fecha_fallecimiento, numero_telefonico, id_estado_civil, genero, apellido1, apellido2, nombre1, nombre2, correo_electronico, numero_celular, nombre_empresa_labora, notifica_direccion_empre_labor, cargo_empresa_labora, telefono_empresa_labora, fax_empresa_labora, huella_digital, ruta_foto, fecha_foto, codigo_tipo_vivienda, codigo_nivel_educativo) VALUES (286, 1, '79875401', 5, 11001, '2015-12-01', NULL, NULL, NULL, NULL, NULL, NULL, NULL, 'romero', NULL, 'mimimi', NULL, NULL, NULL, NULL, NULL, NULL, NULL, NULL, NULL, NULL, NULL, NULL, NULL);

-- 
--  persona_juridica
-- 
INSERT INTO persona_juridica (ID_PERSONA_JURIDICA, DIGITO_VERIFICACION, NOMBRE_COMERCIAL, SIGLA, ID_TIPO_SOCIEDAD, ID_CLASE_ACTIVIDAD_ECONOMICA, ID_MUNICIPIO) VALUES ('-21', '7', 'CIA S.A.', 'HUM', NULL, '100', '149');
-- 
-- Dumping data for table responsable_formulario
--
INSERT INTO responsable_formulario(id_responsable_formulario, codigo_organismo, id_tipo_responsable, fecha_inicio_vincula, fecha_fin_vincula, correo_responsable_formulario) VALUES (1, 11001, 2, '2015-10-01', '2015-12-31', 'giovanni.velandia@datatools.com.co');
-- 
--  unificacion responsable
-- 
INSERT INTO unificacion_responsable(id_unificacion_responsable, id_persona, codigo_organismo, id_responsable_formulario) VALUES (1, -1, NULL, 1);
-- 
--  agente
-- 
INSERT INTO agente(id_agente_transito, codigo_organismo, placa_agente_transito, fecha_inicio_vigencia, fecha_fin_vigencia, id_persona, id_entidad_agente_transito) VALUES (8, 11001, '0009', '2015-01-01', NULL, 266, 7);
-- 
--  orden_comparendo_nacional
-- 
INSERT INTO orden_comparendo_nacional(cicomparendo, numero_comparendo, codigo_organismo_transito) VALUES (68, '11001000000000000054', 11001);
INSERT INTO orden_comparendo_nacional(cicomparendo, numero_comparendo, codigo_organismo_transito) VALUES (69, '11001000000000000041', 11001);
INSERT INTO orden_comparendo_nacional(cicomparendo, numero_comparendo, codigo_organismo_transito) VALUES (70, '11001000000000000111', 11001);
INSERT INTO orden_comparendo_nacional(cicomparendo, numero_comparendo, codigo_organismo_transito) VALUES (76, '11001000000000000043', 11001);
INSERT INTO orden_comparendo_nacional(cicomparendo, numero_comparendo, codigo_organismo_transito) VALUES (77, '11001000000000000044', 11001);
INSERT INTO orden_comparendo_nacional(cicomparendo, numero_comparendo, codigo_organismo_transito) VALUES (78, '11001000000000000045', 11001);
INSERT INTO orden_comparendo_nacional(cicomparendo, numero_comparendo, codigo_organismo_transito) VALUES (79, '11001000000000000046', 11001);
INSERT INTO orden_comparendo_nacional(cicomparendo, numero_comparendo, codigo_organismo_transito) VALUES (80, '11001000000000000047', 11001);
INSERT INTO orden_comparendo_nacional(cicomparendo, numero_comparendo, codigo_organismo_transito) VALUES (102, '11001000000000000057', 11001);
INSERT INTO orden_comparendo_nacional(cicomparendo, numero_comparendo, codigo_organismo_transito) VALUES (107, '11001000000000000058', 11001);
INSERT INTO orden_comparendo_nacional(cicomparendo, numero_comparendo, codigo_organismo_transito) VALUES (103, '11001000000000000059', 11001);
INSERT INTO orden_comparendo_nacional(cicomparendo, numero_comparendo, codigo_organismo_transito) VALUES (104, '11001000000000000060', 11001);
INSERT INTO orden_comparendo_nacional(cicomparendo, numero_comparendo, codigo_organismo_transito) VALUES (105, '11001000000000000061', 11001);
INSERT INTO orden_comparendo_nacional(cicomparendo, numero_comparendo, codigo_organismo_transito) VALUES (106, '11001000000000000062', 11001);
INSERT INTO orden_comparendo_nacional(cicomparendo, numero_comparendo, codigo_organismo_transito) VALUES (108, '11001000000000000063', 11001);
INSERT INTO orden_comparendo_nacional(cicomparendo, numero_comparendo, codigo_organismo_transito) VALUES (109, '11001000000000000064', 11001);
INSERT INTO orden_comparendo_nacional(cicomparendo, numero_comparendo, codigo_organismo_transito) VALUES (110, '11001000000000000065', 11001);
INSERT INTO orden_comparendo_nacional(cicomparendo, numero_comparendo, codigo_organismo_transito) VALUES (111, '11001000000000000066', 11001);
INSERT INTO orden_comparendo_nacional(cicomparendo, numero_comparendo, codigo_organismo_transito) VALUES (112, '11001000000000000067', 11001);
INSERT INTO orden_comparendo_nacional(cicomparendo, numero_comparendo, codigo_organismo_transito) VALUES (113, '11001000000000000068', 11001);
INSERT INTO orden_comparendo_nacional(cicomparendo, numero_comparendo, codigo_organismo_transito) VALUES (121, '11001000000000000072', 11001);
INSERT INTO orden_comparendo_nacional(cicomparendo, numero_comparendo, codigo_organismo_transito) VALUES (122, '11001000000000000025', 11001);
INSERT INTO orden_comparendo_nacional(cicomparendo, numero_comparendo, codigo_organismo_transito) VALUES (123, '11001000000000000018', 11001);
INSERT INTO orden_comparendo_nacional(cicomparendo, numero_comparendo, codigo_organismo_transito) VALUES (124, '11001000000000010010', 11001);	
INSERT INTO orden_comparendo_nacional(cicomparendo, numero_comparendo, codigo_organismo_transito) VALUES (125, '11001000000000000079', 11001);
INSERT INTO orden_comparendo_nacional(cicomparendo, numero_comparendo, codigo_organismo_transito) VALUES (127, '11001000000000010005', 11001);
INSERT INTO orden_comparendo_nacional(cicomparendo, numero_comparendo, codigo_organismo_transito) VALUES (128, '11001000000000000090', 11001);
INSERT INTO orden_comparendo_nacional(cicomparendo, numero_comparendo, codigo_organismo_transito) VALUES (129, '11001000000000000091', 11001);
INSERT INTO orden_comparendo_nacional(cicomparendo, numero_comparendo, codigo_organismo_transito) VALUES (130, '11001000000000000084', 11001);
INSERT INTO orden_comparendo_nacional(cicomparendo, numero_comparendo, codigo_organismo_transito) VALUES (131, '11001000000000000081', 11001);
INSERT INTO orden_comparendo_nacional(cicomparendo, numero_comparendo, codigo_organismo_transito) VALUES (132, '11001000000000000078', 11001);
-- 
--  comparendo
-- 
INSERT INTO comparendo(cicomparendo, fecha_registro, fecha_modificacion, id_estado_comparendo, id_tipo_comparendo, codigo_origen, codigo_medio_imposicion, codigo_tipo_infractor, id_tipo_notificacion_compa, fecha_infraccion, hora_infraccion, id_direccion_comparendo, id_infraccion, retiene_licencia, existe_fuga_infractor, niega_prueba_alcoholemia, numero_prueba_alcoholemia, id_grado_alcoholemia, valor_grado_alcoholemia, fecha_prueba_alcoholemia, numero_reincidencia, fecha_notificacion, observaciones_infractor, id_usuario, id_ruta, fecha_genera_cartera, cartera_generada, es_polca, id_estado_comparendo_simit, id_documento_notificacion) VALUES (68, '2015-11-06 18:10:38', '2015-11-06 18:10:38', 1, 1, NULL, 2, NULL, 4, '2015-11-05', '00:00:00', -8, 242, 0, 0, 0, NULL, NULL, NULL, NULL, NULL, '2015-11-25', NULL, -1, NULL, NULL, 0, 0, NULL, NULL);
INSERT INTO comparendo(cicomparendo, fecha_registro, fecha_modificacion, id_estado_comparendo, id_tipo_comparendo, codigo_origen, codigo_medio_imposicion, codigo_tipo_infractor, id_tipo_notificacion_compa, fecha_infraccion, hora_infraccion, id_direccion_comparendo, id_infraccion, retiene_licencia, existe_fuga_infractor, niega_prueba_alcoholemia, numero_prueba_alcoholemia, id_grado_alcoholemia, valor_grado_alcoholemia, fecha_prueba_alcoholemia, numero_reincidencia, fecha_notificacion, observaciones_infractor, id_usuario, id_ruta, fecha_genera_cartera, cartera_generada, es_polca, id_estado_comparendo_simit, id_documento_notificacion) VALUES (69, '2015-11-09 09:44:52', '2015-11-09 09:44:52', 2, 1, NULL, 1, NULL, 2, '2015-11-09', '00:00:00', -10, 242, 0, 0, 0, NULL, NULL, NULL, NULL, NULL, '2015-11-25', NULL, -1, NULL, NULL, 0, 0, NULL, NULL);
INSERT INTO comparendo(cicomparendo, fecha_registro, fecha_modificacion, id_estado_comparendo, id_tipo_comparendo, codigo_origen, codigo_medio_imposicion, codigo_tipo_infractor, id_tipo_notificacion_compa, fecha_infraccion, hora_infraccion, id_direccion_comparendo, id_infraccion, retiene_licencia, existe_fuga_infractor, niega_prueba_alcoholemia, numero_prueba_alcoholemia, id_grado_alcoholemia, valor_grado_alcoholemia, fecha_prueba_alcoholemia, numero_reincidencia, fecha_notificacion, observaciones_infractor, id_usuario, id_ruta, fecha_genera_cartera, cartera_generada, es_polca, id_estado_comparendo_simit, id_documento_notificacion) VALUES (70, '2015-11-12 11:57:34', '2015-11-12 11:57:34', 2, 1, NULL, 1, NULL, 2, '2015-11-12', '00:00:00', -11, 242, 0, 0, 0, NULL, 1, 20, NULL, NULL, '2015-11-25', NULL, -1, NULL, NULL, 0, 0, NULL, NULL);
INSERT INTO comparendo(cicomparendo, fecha_registro, fecha_modificacion, id_estado_comparendo, id_tipo_comparendo, codigo_origen, codigo_medio_imposicion, codigo_tipo_infractor, id_tipo_notificacion_compa, fecha_infraccion, hora_infraccion, id_direccion_comparendo, id_infraccion, retiene_licencia, existe_fuga_infractor, niega_prueba_alcoholemia, numero_prueba_alcoholemia, id_grado_alcoholemia, valor_grado_alcoholemia, fecha_prueba_alcoholemia, numero_reincidencia, fecha_notificacion, observaciones_infractor, id_usuario, id_ruta, fecha_genera_cartera, cartera_generada, es_polca, id_estado_comparendo_simit, id_documento_notificacion) VALUES (76, '2015-11-13 09:51:52', '2015-11-13 09:51:52', 2, 1, NULL, 1, NULL, 2, '2015-11-13', '00:00:00', -12, 242, 0, 0, 0, NULL, 1, 20, NULL, NULL, '2015-11-25', NULL, -1, NULL, NULL, 0, 0, NULL, NULL);
INSERT INTO comparendo(cicomparendo, fecha_registro, fecha_modificacion, id_estado_comparendo, id_tipo_comparendo, codigo_origen, codigo_medio_imposicion, codigo_tipo_infractor, id_tipo_notificacion_compa, fecha_infraccion, hora_infraccion, id_direccion_comparendo, id_infraccion, retiene_licencia, existe_fuga_infractor, niega_prueba_alcoholemia, numero_prueba_alcoholemia, id_grado_alcoholemia, valor_grado_alcoholemia, fecha_prueba_alcoholemia, numero_reincidencia, fecha_notificacion, observaciones_infractor, id_usuario, id_ruta, fecha_genera_cartera, cartera_generada, es_polca, id_estado_comparendo_simit, id_documento_notificacion) VALUES (77, '2015-11-13 10:15:25', '2015-11-13 10:15:25', 2, 1, NULL, 1, NULL, 2, '2015-11-13', '00:00:00', -13, 242, 0, 0, 0, NULL, 1, 20, NULL, NULL, '2015-11-25', NULL, -1, NULL, NULL, 0, 0, NULL, NULL);
INSERT INTO comparendo(cicomparendo, fecha_registro, fecha_modificacion, id_estado_comparendo, id_tipo_comparendo, codigo_origen, codigo_medio_imposicion, codigo_tipo_infractor, id_tipo_notificacion_compa, fecha_infraccion, hora_infraccion, id_direccion_comparendo, id_infraccion, retiene_licencia, existe_fuga_infractor, niega_prueba_alcoholemia, numero_prueba_alcoholemia, id_grado_alcoholemia, valor_grado_alcoholemia, fecha_prueba_alcoholemia, numero_reincidencia, fecha_notificacion, observaciones_infractor, id_usuario, id_ruta, fecha_genera_cartera, cartera_generada, es_polca, id_estado_comparendo_simit, id_documento_notificacion) VALUES (78, '2015-11-13 10:18:27', '2015-11-13 10:18:27', 2, 1, NULL, 1, NULL, 2, '2015-11-13', '00:00:00', -14, 242, 0, 0, 0, NULL, 1, 20, NULL, NULL, '2015-11-25', NULL, -1, NULL, NULL, 0, 0, NULL, NULL);
INSERT INTO comparendo(cicomparendo, fecha_registro, fecha_modificacion, id_estado_comparendo, id_tipo_comparendo, codigo_origen, codigo_medio_imposicion, codigo_tipo_infractor, id_tipo_notificacion_compa, fecha_infraccion, hora_infraccion, id_direccion_comparendo, id_infraccion, retiene_licencia, existe_fuga_infractor, niega_prueba_alcoholemia, numero_prueba_alcoholemia, id_grado_alcoholemia, valor_grado_alcoholemia, fecha_prueba_alcoholemia, numero_reincidencia, fecha_notificacion, observaciones_infractor, id_usuario, id_ruta, fecha_genera_cartera, cartera_generada, es_polca, id_estado_comparendo_simit, id_documento_notificacion) VALUES (79, '2015-11-13 10:31:06', '2015-11-13 10:31:06', 2, 1, NULL, 1, NULL, 2, '2015-11-13', '00:00:00', -15, 242, 0, 0, 0, NULL, 1, 20, NULL, NULL, '2015-11-25', NULL, -1, NULL, NULL, 0, 0, NULL, NULL);
INSERT INTO comparendo(cicomparendo, fecha_registro, fecha_modificacion, id_estado_comparendo, id_tipo_comparendo, codigo_origen, codigo_medio_imposicion, codigo_tipo_infractor, id_tipo_notificacion_compa, fecha_infraccion, hora_infraccion, id_direccion_comparendo, id_infraccion, retiene_licencia, existe_fuga_infractor, niega_prueba_alcoholemia, numero_prueba_alcoholemia, id_grado_alcoholemia, valor_grado_alcoholemia, fecha_prueba_alcoholemia, numero_reincidencia, fecha_notificacion, observaciones_infractor, id_usuario, id_ruta, fecha_genera_cartera, cartera_generada, es_polca, id_estado_comparendo_simit, id_documento_notificacion) VALUES (80, '2015-11-13 10:37:46', '2015-11-13 10:37:46', 2, 1, NULL, 1, NULL, 2, '2015-11-01', '00:00:00', -16, 242, 0, 0, 0, NULL, 1, 20, NULL, NULL, '2015-11-25', NULL, -1, NULL, NULL, 0, 0, NULL, NULL);
INSERT INTO comparendo(cicomparendo, fecha_registro, fecha_modificacion, id_estado_comparendo, id_tipo_comparendo, codigo_origen, codigo_medio_imposicion, codigo_tipo_infractor, id_tipo_notificacion_compa, fecha_infraccion, hora_infraccion, id_direccion_comparendo, id_infraccion, retiene_licencia, existe_fuga_infractor, niega_prueba_alcoholemia, numero_prueba_alcoholemia, id_grado_alcoholemia, valor_grado_alcoholemia, fecha_prueba_alcoholemia, numero_reincidencia, fecha_notificacion, observaciones_infractor, id_usuario, id_ruta, fecha_genera_cartera, cartera_generada, es_polca, id_estado_comparendo_simit, id_documento_notificacion) VALUES (102, '2015-11-19 16:21:55', '2015-11-19 16:21:55', 2, 1, NULL, 1, NULL, 2, '2015-11-19', '16:21:55', -17, 242, NULL, 0, NULL, NULL, NULL, NULL, NULL, NULL, '2015-11-25', NULL, -1, NULL, NULL, 0, 0, NULL, NULL);
INSERT INTO comparendo(cicomparendo, fecha_registro, fecha_modificacion, id_estado_comparendo, id_tipo_comparendo, codigo_origen, codigo_medio_imposicion, codigo_tipo_infractor, id_tipo_notificacion_compa, fecha_infraccion, hora_infraccion, id_direccion_comparendo, id_infraccion, retiene_licencia, existe_fuga_infractor, niega_prueba_alcoholemia, numero_prueba_alcoholemia, id_grado_alcoholemia, valor_grado_alcoholemia, fecha_prueba_alcoholemia, numero_reincidencia, fecha_notificacion, observaciones_infractor, id_usuario, id_ruta, fecha_genera_cartera, cartera_generada, es_polca, id_estado_comparendo_simit, id_documento_notificacion) VALUES (103, '2015-11-20 12:07:52', '2015-11-20 12:07:52', 2, 1, 1, 1, NULL, 2, '2015-11-20', '10:25:25', -18, 221, NULL, 0, NULL, NULL, NULL, NULL, NULL, NULL, '2015-11-25', NULL, -1, NULL, NULL, 0, 0, NULL, NULL);
INSERT INTO comparendo(cicomparendo, fecha_registro, fecha_modificacion, id_estado_comparendo, id_tipo_comparendo, codigo_origen, codigo_medio_imposicion, codigo_tipo_infractor, id_tipo_notificacion_compa, fecha_infraccion, hora_infraccion, id_direccion_comparendo, id_infraccion, retiene_licencia, existe_fuga_infractor, niega_prueba_alcoholemia, numero_prueba_alcoholemia, id_grado_alcoholemia, valor_grado_alcoholemia, fecha_prueba_alcoholemia, numero_reincidencia, fecha_notificacion, observaciones_infractor, id_usuario, id_ruta, fecha_genera_cartera, cartera_generada, es_polca, id_estado_comparendo_simit, id_documento_notificacion) VALUES (104, '2015-11-20 14:34:40', '2015-11-20 14:34:40', 2, 1, 1, 1, NULL, 2, '2015-11-20', '10:25:25', -19, 221, NULL, 0, NULL, NULL, NULL, NULL, NULL, NULL, '2015-11-25', NULL, -1, NULL, NULL, 0, 0, NULL, NULL);
INSERT INTO comparendo(cicomparendo, fecha_registro, fecha_modificacion, id_estado_comparendo, id_tipo_comparendo, codigo_origen, codigo_medio_imposicion, codigo_tipo_infractor, id_tipo_notificacion_compa, fecha_infraccion, hora_infraccion, id_direccion_comparendo, id_infraccion, retiene_licencia, existe_fuga_infractor, niega_prueba_alcoholemia, numero_prueba_alcoholemia, id_grado_alcoholemia, valor_grado_alcoholemia, fecha_prueba_alcoholemia, numero_reincidencia, fecha_notificacion, observaciones_infractor, id_usuario, id_ruta, fecha_genera_cartera, cartera_generada, es_polca, id_estado_comparendo_simit, id_documento_notificacion) VALUES (105, '2015-11-20 16:31:08', '2015-11-20 16:31:08', 2, 1, 1, 1, NULL, 2, '2015-11-20', '10:25:25', -20, 221, NULL, 0, NULL, NULL, NULL, NULL, NULL, NULL, '2015-11-25', NULL, -1, NULL, NULL, 0, 0, NULL, NULL);
INSERT INTO comparendo(cicomparendo, fecha_registro, fecha_modificacion, id_estado_comparendo, id_tipo_comparendo, codigo_origen, codigo_medio_imposicion, codigo_tipo_infractor, id_tipo_notificacion_compa, fecha_infraccion, hora_infraccion, id_direccion_comparendo, id_infraccion, retiene_licencia, existe_fuga_infractor, niega_prueba_alcoholemia, numero_prueba_alcoholemia, id_grado_alcoholemia, valor_grado_alcoholemia, fecha_prueba_alcoholemia, numero_reincidencia, fecha_notificacion, observaciones_infractor, id_usuario, id_ruta, fecha_genera_cartera, cartera_generada, es_polca, id_estado_comparendo_simit, id_documento_notificacion) VALUES (106, '2015-11-20 16:32:06', '2015-11-20 16:32:06', 2, 1, 1, 1, NULL, 2, '2015-11-20', '10:25:25', -21, 221, NULL, 0, NULL, NULL, NULL, NULL, NULL, NULL, '2015-11-25', NULL, -1, NULL, NULL, 0, 0, NULL, NULL);
INSERT INTO comparendo(cicomparendo, fecha_registro, fecha_modificacion, id_estado_comparendo, id_tipo_comparendo, codigo_origen, codigo_medio_imposicion, codigo_tipo_infractor, id_tipo_notificacion_compa, fecha_infraccion, hora_infraccion, id_direccion_comparendo, id_infraccion, retiene_licencia, existe_fuga_infractor, niega_prueba_alcoholemia, numero_prueba_alcoholemia, id_grado_alcoholemia, valor_grado_alcoholemia, fecha_prueba_alcoholemia, numero_reincidencia, fecha_notificacion, observaciones_infractor, id_usuario, id_ruta, fecha_genera_cartera, cartera_generada, es_polca, id_estado_comparendo_simit, id_documento_notificacion) VALUES (107, '2015-11-23 08:49:49', '2015-11-23 08:49:49', 2, 1, NULL, 1, NULL, 2, '2015-11-23', '08:49:49', -22, 221, NULL, 0, NULL, NULL, NULL, NULL, NULL, NULL, '2015-11-25', NULL, -1, NULL, NULL, 0, 0, NULL, NULL);
INSERT INTO comparendo(cicomparendo, fecha_registro, fecha_modificacion, id_estado_comparendo, id_tipo_comparendo, codigo_origen, codigo_medio_imposicion, codigo_tipo_infractor, id_tipo_notificacion_compa, fecha_infraccion, hora_infraccion, id_direccion_comparendo, id_infraccion, retiene_licencia, existe_fuga_infractor, niega_prueba_alcoholemia, numero_prueba_alcoholemia, id_grado_alcoholemia, valor_grado_alcoholemia, fecha_prueba_alcoholemia, numero_reincidencia, fecha_notificacion, observaciones_infractor, id_usuario, id_ruta, fecha_genera_cartera, cartera_generada, es_polca, id_estado_comparendo_simit, id_documento_notificacion) VALUES (108, '2015-11-23 08:57:14', '2015-11-23 08:57:14', 2, 1, NULL, 1, NULL, 2, '2015-11-23', '08:57:14', -23, 221, NULL, 0, NULL, NULL, NULL, NULL, NULL, NULL, '2015-11-25', NULL, -1, NULL, NULL, 0, 0, NULL, NULL);
INSERT INTO comparendo(cicomparendo, fecha_registro, fecha_modificacion, id_estado_comparendo, id_tipo_comparendo, codigo_origen, codigo_medio_imposicion, codigo_tipo_infractor, id_tipo_notificacion_compa, fecha_infraccion, hora_infraccion, id_direccion_comparendo, id_infraccion, retiene_licencia, existe_fuga_infractor, niega_prueba_alcoholemia, numero_prueba_alcoholemia, id_grado_alcoholemia, valor_grado_alcoholemia, fecha_prueba_alcoholemia, numero_reincidencia, fecha_notificacion, observaciones_infractor, id_usuario, id_ruta, fecha_genera_cartera, cartera_generada, es_polca, id_estado_comparendo_simit, id_documento_notificacion) VALUES (109, '2015-11-23 09:00:57', '2015-11-23 09:00:57', 2, 1, NULL, 1, NULL, 2, '2015-11-23', '09:00:57', -24, 221, NULL, 0, NULL, NULL, NULL, NULL, NULL, NULL, '2015-11-25', NULL, -1, NULL, NULL, 0, 0, NULL, NULL);
INSERT INTO comparendo(cicomparendo, fecha_registro, fecha_modificacion, id_estado_comparendo, id_tipo_comparendo, codigo_origen, codigo_medio_imposicion, codigo_tipo_infractor, id_tipo_notificacion_compa, fecha_infraccion, hora_infraccion, id_direccion_comparendo, id_infraccion, retiene_licencia, existe_fuga_infractor, niega_prueba_alcoholemia, numero_prueba_alcoholemia, id_grado_alcoholemia, valor_grado_alcoholemia, fecha_prueba_alcoholemia, numero_reincidencia, fecha_notificacion, observaciones_infractor, id_usuario, id_ruta, fecha_genera_cartera, cartera_generada, es_polca, id_estado_comparendo_simit, id_documento_notificacion) VALUES (110, '2015-11-23 14:58:05', '2015-11-23 14:58:05', 2, 1, NULL, 1, NULL, 2, '2015-11-23', '14:58:04', -25, 207, NULL, 0, NULL, NULL, NULL, NULL, NULL, NULL, '2015-11-25', NULL, -1, NULL, NULL, 0, 0, NULL, NULL);
INSERT INTO comparendo(cicomparendo, fecha_registro, fecha_modificacion, id_estado_comparendo, id_tipo_comparendo, codigo_origen, codigo_medio_imposicion, codigo_tipo_infractor, id_tipo_notificacion_compa, fecha_infraccion, hora_infraccion, id_direccion_comparendo, id_infraccion, retiene_licencia, existe_fuga_infractor, niega_prueba_alcoholemia, numero_prueba_alcoholemia, id_grado_alcoholemia, valor_grado_alcoholemia, fecha_prueba_alcoholemia, numero_reincidencia, fecha_notificacion, observaciones_infractor, id_usuario, id_ruta, fecha_genera_cartera, cartera_generada, es_polca, id_estado_comparendo_simit, id_documento_notificacion) VALUES (111, '2015-11-23 15:53:56', '2015-11-23 15:53:56', 2, 1, NULL, 1, NULL, 2, '2015-11-23', '15:53:55', -26, 207, NULL, 0, NULL, NULL, NULL, NULL, NULL, NULL, '2015-11-25', NULL, -1, NULL, NULL, 0, 0, NULL, NULL);
INSERT INTO comparendo(cicomparendo, fecha_registro, fecha_modificacion, id_estado_comparendo, id_tipo_comparendo, codigo_origen, codigo_medio_imposicion, codigo_tipo_infractor, id_tipo_notificacion_compa, fecha_infraccion, hora_infraccion, id_direccion_comparendo, id_infraccion, retiene_licencia, existe_fuga_infractor, niega_prueba_alcoholemia, numero_prueba_alcoholemia, id_grado_alcoholemia, valor_grado_alcoholemia, fecha_prueba_alcoholemia, numero_reincidencia, fecha_notificacion, observaciones_infractor, id_usuario, id_ruta, fecha_genera_cartera, cartera_generada, es_polca, id_estado_comparendo_simit, id_documento_notificacion) VALUES (112, '2015-11-23 16:05:00', '2015-11-23 16:05:00', 2, 1, NULL, 1, NULL, 2, '2015-11-23', '16:04:59', -27, 207, NULL, 0, NULL, NULL, NULL, NULL, NULL, NULL, '2015-11-25', NULL, -1, NULL, NULL, 0, 0, NULL, NULL);
INSERT INTO comparendo(cicomparendo, fecha_registro, fecha_modificacion, id_estado_comparendo, id_tipo_comparendo, codigo_origen, codigo_medio_imposicion, codigo_tipo_infractor, id_tipo_notificacion_compa, fecha_infraccion, hora_infraccion, id_direccion_comparendo, id_infraccion, retiene_licencia, existe_fuga_infractor, niega_prueba_alcoholemia, numero_prueba_alcoholemia, id_grado_alcoholemia, valor_grado_alcoholemia, fecha_prueba_alcoholemia, numero_reincidencia, fecha_notificacion, observaciones_infractor, id_usuario, id_ruta, fecha_genera_cartera, cartera_generada, es_polca, id_estado_comparendo_simit, id_documento_notificacion) VALUES (113, '2015-11-24 08:30:14', '2015-11-24 08:30:14', 2, 1, NULL, 1, NULL, 2, '2015-11-24', '08:30:14', -28, 207, NULL, 0, NULL, NULL, NULL, NULL, NULL, NULL, '2015-11-25', NULL, -1, NULL, NULL, 0, 0, NULL, NULL);
INSERT INTO comparendo(cicomparendo, fecha_registro, fecha_modificacion, id_estado_comparendo, id_tipo_comparendo, codigo_origen, codigo_medio_imposicion, codigo_tipo_infractor, id_tipo_notificacion_compa, fecha_infraccion, hora_infraccion, id_direccion_comparendo, id_infraccion, retiene_licencia, existe_fuga_infractor, niega_prueba_alcoholemia, numero_prueba_alcoholemia, id_grado_alcoholemia, valor_grado_alcoholemia, fecha_prueba_alcoholemia, numero_reincidencia, fecha_notificacion, observaciones_infractor, id_usuario, id_ruta, fecha_genera_cartera, cartera_generada, es_polca, id_estado_comparendo_simit, id_documento_notificacion) VALUES (121, '2015-11-25 08:51:02', '2015-11-25 08:51:02', 2, 1, NULL, 1, NULL, 2, '2015-11-25', '00:00:00', -29, 207, 0, 0, 0, NULL, 1, 20, NULL, NULL, '2015-11-25', NULL, -1, NULL, NULL, 0, 0, NULL, NULL);
INSERT INTO comparendo(cicomparendo, fecha_registro, fecha_modificacion, id_estado_comparendo, id_tipo_comparendo, codigo_origen, codigo_medio_imposicion, codigo_tipo_infractor, id_tipo_notificacion_compa, fecha_infraccion, hora_infraccion, id_direccion_comparendo, id_infraccion, retiene_licencia, existe_fuga_infractor, niega_prueba_alcoholemia, numero_prueba_alcoholemia, id_grado_alcoholemia, valor_grado_alcoholemia, fecha_prueba_alcoholemia, numero_reincidencia, fecha_notificacion, observaciones_infractor, id_usuario, id_ruta, fecha_genera_cartera, cartera_generada, es_polca, id_estado_comparendo_simit, id_documento_notificacion) VALUES (122, '2015-11-25 13:56:13', '2015-11-25 13:56:13', 2, 1, NULL, 1, NULL, 2, '2015-11-24', '10:00:00', -30, 207, 0, 0, 0, NULL, 2, 40, NULL, NULL, '2015-11-24', NULL, -1, NULL, NULL, 0, 0, NULL, NULL);
INSERT INTO comparendo(cicomparendo, fecha_registro, fecha_modificacion, id_estado_comparendo, id_tipo_comparendo, codigo_origen, codigo_medio_imposicion, codigo_tipo_infractor, id_tipo_notificacion_compa, fecha_infraccion, hora_infraccion, id_direccion_comparendo, id_infraccion, retiene_licencia, existe_fuga_infractor, niega_prueba_alcoholemia, numero_prueba_alcoholemia, id_grado_alcoholemia, valor_grado_alcoholemia, fecha_prueba_alcoholemia, numero_reincidencia, fecha_notificacion, observaciones_infractor, id_usuario, id_ruta, fecha_genera_cartera, cartera_generada, es_polca, id_estado_comparendo_simit, id_documento_notificacion) VALUES (123, '2015-11-26 10:31:35', '2015-11-26 10:31:35', 2, 1, NULL, 1, NULL, 2, '2015-11-26', '00:00:00', -31, 207, 0, 0, 0, NULL, 1, 20, NULL, NULL, '2015-11-26', NULL, -1, NULL, NULL, 0, 0, NULL, NULL);
INSERT INTO comparendo(cicomparendo, fecha_registro, fecha_modificacion, id_estado_comparendo, id_tipo_comparendo, codigo_origen, codigo_medio_imposicion, codigo_tipo_infractor, id_tipo_notificacion_compa, fecha_infraccion, hora_infraccion, id_direccion_comparendo, id_infraccion, retiene_licencia, existe_fuga_infractor, niega_prueba_alcoholemia, numero_prueba_alcoholemia, id_grado_alcoholemia, valor_grado_alcoholemia, fecha_prueba_alcoholemia, numero_reincidencia, fecha_notificacion, observaciones_infractor, id_usuario, id_ruta, fecha_genera_cartera, cartera_generada, es_polca, id_estado_comparendo_simit, id_documento_notificacion) VALUES (124, '2015-11-26 11:32:10', '2015-11-26 11:32:10', 2, 1, NULL, 1, NULL, 2, '2015-11-25', '10:00:00', -32, 207, 0, 0, 0, NULL, 2, 40, NULL, NULL, '2015-11-25', NULL, -1, NULL, NULL, 0, 0, NULL, NULL);
INSERT INTO comparendo(cicomparendo, fecha_registro, fecha_modificacion, id_estado_comparendo, id_tipo_comparendo, codigo_origen, codigo_medio_imposicion, codigo_tipo_infractor, id_tipo_notificacion_compa, fecha_infraccion, hora_infraccion, id_direccion_comparendo, id_infraccion, retiene_licencia, existe_fuga_infractor, niega_prueba_alcoholemia, numero_prueba_alcoholemia, id_grado_alcoholemia, valor_grado_alcoholemia, fecha_prueba_alcoholemia, numero_reincidencia, fecha_notificacion, observaciones_infractor, id_usuario, id_ruta, fecha_genera_cartera, cartera_generada, es_polca, id_estado_comparendo_simit, id_documento_notificacion) VALUES (125, '2015-11-26 15:27:10', '2015-11-26 15:27:10', 2, 1, NULL, 1, NULL, 2, '2015-11-26', '00:00:00', -33, 2, 0, 0, 0, NULL, 1, 20, NULL, NULL, '2015-11-26', NULL, -1, NULL, NULL, 0, 0, NULL, NULL);
INSERT INTO comparendo(cicomparendo, fecha_registro, fecha_modificacion, id_estado_comparendo, id_tipo_comparendo, codigo_origen, codigo_medio_imposicion, codigo_tipo_infractor, id_tipo_notificacion_compa, fecha_infraccion, hora_infraccion, id_direccion_comparendo, id_infraccion, retiene_licencia, existe_fuga_infractor, niega_prueba_alcoholemia, numero_prueba_alcoholemia, id_grado_alcoholemia, valor_grado_alcoholemia, fecha_prueba_alcoholemia, numero_reincidencia, fecha_notificacion, observaciones_infractor, id_usuario, id_ruta, fecha_genera_cartera, cartera_generada, es_polca, id_estado_comparendo_simit, id_documento_notificacion) VALUES (127, '2015-11-27 12:10:46', '2015-11-27 12:10:46', 2, 1, NULL, 1, NULL, 2, '2015-11-27', '00:00:00', -34, 2, 0, 0, 1, NULL, 2, NULL, NULL, NULL, '2015-11-27', NULL, -1, NULL, NULL, 0, 0, NULL, NULL);
INSERT INTO comparendo(cicomparendo, fecha_registro, fecha_modificacion, id_estado_comparendo, id_tipo_comparendo, codigo_origen, codigo_medio_imposicion, codigo_tipo_infractor, id_tipo_notificacion_compa, fecha_infraccion, hora_infraccion, id_direccion_comparendo, id_infraccion, retiene_licencia, existe_fuga_infractor, niega_prueba_alcoholemia, numero_prueba_alcoholemia, id_grado_alcoholemia, valor_grado_alcoholemia, fecha_prueba_alcoholemia, numero_reincidencia, fecha_notificacion, observaciones_infractor, id_usuario, id_ruta, fecha_genera_cartera, cartera_generada, es_polca, id_estado_comparendo_simit, id_documento_notificacion) VALUES (128, '2015-12-01 10:17:36', '2015-12-01 10:17:36', 2, 1, NULL, 1, NULL, 2, '2015-12-01', '00:00:00', -35, 2, 0, 0, 0, NULL, 1, 20, NULL, NULL, '2015-12-01', NULL, -1, NULL, NULL, 0, 0, NULL, NULL);
INSERT INTO comparendo(cicomparendo, fecha_registro, fecha_modificacion, id_estado_comparendo, id_tipo_comparendo, codigo_origen, codigo_medio_imposicion, codigo_tipo_infractor, id_tipo_notificacion_compa, fecha_infraccion, hora_infraccion, id_direccion_comparendo, id_infraccion, retiene_licencia, existe_fuga_infractor, niega_prueba_alcoholemia, numero_prueba_alcoholemia, id_grado_alcoholemia, valor_grado_alcoholemia, fecha_prueba_alcoholemia, numero_reincidencia, fecha_notificacion, observaciones_infractor, id_usuario, id_ruta, fecha_genera_cartera, cartera_generada, es_polca, id_estado_comparendo_simit, id_documento_notificacion) VALUES (129, '2015-12-01 17:19:49', '2015-12-01 17:19:49', 2, 1, NULL, 1, NULL, 2, '2015-12-01', '05:00:00', -36, 2, 0, 0, 0, NULL, 2, 88, NULL, 1, '2015-12-01', NULL, -1, NULL, NULL, 0, 0, NULL, NULL);
INSERT INTO comparendo(cicomparendo, fecha_registro, fecha_modificacion, id_estado_comparendo, id_tipo_comparendo, codigo_origen, codigo_medio_imposicion, codigo_tipo_infractor, id_tipo_notificacion_compa, fecha_infraccion, hora_infraccion, id_direccion_comparendo, id_infraccion, retiene_licencia, existe_fuga_infractor, niega_prueba_alcoholemia, numero_prueba_alcoholemia, id_grado_alcoholemia, valor_grado_alcoholemia, fecha_prueba_alcoholemia, numero_reincidencia, fecha_notificacion, observaciones_infractor, id_usuario, id_ruta, fecha_genera_cartera, cartera_generada, es_polca, id_estado_comparendo_simit, id_documento_notificacion) VALUES (130, '2015-12-02 08:31:22', '2015-12-02 08:31:22', 2, 1, NULL, 1, NULL, 2, '2015-12-02', '00:00:00', -37, 2, 0, 0, 0, NULL, 1, 20, NULL, 7, '2015-12-02', NULL, -1, NULL, NULL, 0, 0, NULL, NULL);
INSERT INTO comparendo(cicomparendo, fecha_registro, fecha_modificacion, id_estado_comparendo, id_tipo_comparendo, codigo_origen, codigo_medio_imposicion, codigo_tipo_infractor, id_tipo_notificacion_compa, fecha_infraccion, hora_infraccion, id_direccion_comparendo, id_infraccion, retiene_licencia, existe_fuga_infractor, niega_prueba_alcoholemia, numero_prueba_alcoholemia, id_grado_alcoholemia, valor_grado_alcoholemia, fecha_prueba_alcoholemia, numero_reincidencia, fecha_notificacion, observaciones_infractor, id_usuario, id_ruta, fecha_genera_cartera, cartera_generada, es_polca, id_estado_comparendo_simit, id_documento_notificacion) VALUES (131, '2015-12-02 09:17:39', '2015-12-02 09:17:39', 2, 1, NULL, 1, NULL, 2, '2015-12-01', '12:00:00', -38, 2, 0, 0, 0, NULL, 2, 40, NULL, 2, '2015-12-01', NULL, -1, NULL, NULL, 0, 0, NULL, NULL);
INSERT INTO comparendo(cicomparendo, fecha_registro, fecha_modificacion, id_estado_comparendo, id_tipo_comparendo, codigo_origen, codigo_medio_imposicion, codigo_tipo_infractor, id_tipo_notificacion_compa, fecha_infraccion, hora_infraccion, id_direccion_comparendo, id_infraccion, retiene_licencia, existe_fuga_infractor, niega_prueba_alcoholemia, numero_prueba_alcoholemia, id_grado_alcoholemia, valor_grado_alcoholemia, fecha_prueba_alcoholemia, numero_reincidencia, fecha_notificacion, observaciones_infractor, id_usuario, id_ruta, fecha_genera_cartera, cartera_generada, es_polca, id_estado_comparendo_simit, id_documento_notificacion) VALUES (132, '2015-12-02 17:07:03', '2015-12-02 17:07:03', 1, 1, NULL, 2, NULL, NULL, '2015-12-02', '00:00:00', -39, 2, 0, 0, 0, NULL, 1, 20, NULL, 34, NULL, NULL, -1, NULL, NULL, 0, 0, NULL, NULL);
-- 
--  comparendo_vehiculo
-- 
INSERT INTO comparendo_vehiculo(id_comparendo_vehiculo, id_tipo_servicio, id_radio_accion, id_modalidad, placa_vehiculo, identificacion_vehiculo, numero_tarjeta_operacion, id_clase_vehiculo, id_nivel_servicio, codigo_organismo_matri_vehic, numero_licencia_transito, id_marca_vehiculo, id_linea_vehiculo, id_color, numero_motor, modelo, peso_seco, peso_neto, codigo_tipo_transporte_pasaj, codigo_organismo_licen_trans) VALUES (68, 3, 3, 2, 'VEN285', NULL, '938271', 6, NULL, 11001, '123456', NULL, 8735, 231, '147852', '2012', NULL, NULL, NULL, NULL);
INSERT INTO comparendo_vehiculo(id_comparendo_vehiculo, id_tipo_servicio, id_radio_accion, id_modalidad, placa_vehiculo, identificacion_vehiculo, numero_tarjeta_operacion, id_clase_vehiculo, id_nivel_servicio, codigo_organismo_matri_vehic, numero_licencia_transito, id_marca_vehiculo, id_linea_vehiculo, id_color, numero_motor, modelo, peso_seco, peso_neto, codigo_tipo_transporte_pasaj, codigo_organismo_licen_trans) VALUES (69, 3, 3, 2, 'ven285', NULL, '938271', 6, NULL, 11001, '123456', NULL, 8735, 231, '147852', '2012', NULL, NULL, NULL, NULL);
INSERT INTO comparendo_vehiculo(id_comparendo_vehiculo, id_tipo_servicio, id_radio_accion, id_modalidad, placa_vehiculo, identificacion_vehiculo, numero_tarjeta_operacion, id_clase_vehiculo, id_nivel_servicio, codigo_organismo_matri_vehic, numero_licencia_transito, id_marca_vehiculo, id_linea_vehiculo, id_color, numero_motor, modelo, peso_seco, peso_neto, codigo_tipo_transporte_pasaj, codigo_organismo_licen_trans) VALUES (70, 3, 3, 2, 'ven285', NULL, '938271', 6, NULL, 11001, '123456', NULL, 8735, 231, '147852', '2012', NULL, NULL, NULL, NULL);
INSERT INTO comparendo_vehiculo(id_comparendo_vehiculo, id_tipo_servicio, id_radio_accion, id_modalidad, placa_vehiculo, identificacion_vehiculo, numero_tarjeta_operacion, id_clase_vehiculo, id_nivel_servicio, codigo_organismo_matri_vehic, numero_licencia_transito, id_marca_vehiculo, id_linea_vehiculo, id_color, numero_motor, modelo, peso_seco, peso_neto, codigo_tipo_transporte_pasaj, codigo_organismo_licen_trans) VALUES (76, 3, 3, 2, 'ven285', NULL, '938271', 6, NULL, 11001, '123456', NULL, 8735, 231, '147852', '2012', NULL, NULL, NULL, NULL);
INSERT INTO comparendo_vehiculo(id_comparendo_vehiculo, id_tipo_servicio, id_radio_accion, id_modalidad, placa_vehiculo, identificacion_vehiculo, numero_tarjeta_operacion, id_clase_vehiculo, id_nivel_servicio, codigo_organismo_matri_vehic, numero_licencia_transito, id_marca_vehiculo, id_linea_vehiculo, id_color, numero_motor, modelo, peso_seco, peso_neto, codigo_tipo_transporte_pasaj, codigo_organismo_licen_trans) VALUES (77, 3, 3, 2, 'ven285', NULL, '938271', 6, NULL, 11001, '123456', NULL, 8735, 231, '147852', '2012', NULL, NULL, NULL, NULL);
INSERT INTO comparendo_vehiculo(id_comparendo_vehiculo, id_tipo_servicio, id_radio_accion, id_modalidad, placa_vehiculo, identificacion_vehiculo, numero_tarjeta_operacion, id_clase_vehiculo, id_nivel_servicio, codigo_organismo_matri_vehic, numero_licencia_transito, id_marca_vehiculo, id_linea_vehiculo, id_color, numero_motor, modelo, peso_seco, peso_neto, codigo_tipo_transporte_pasaj, codigo_organismo_licen_trans) VALUES (78, 3, 3, 2, 'ven285', NULL, '938271', 6, NULL, 11001, '123456', NULL, 8735, 231, '147852', '2012', NULL, NULL, NULL, NULL);
INSERT INTO comparendo_vehiculo(id_comparendo_vehiculo, id_tipo_servicio, id_radio_accion, id_modalidad, placa_vehiculo, identificacion_vehiculo, numero_tarjeta_operacion, id_clase_vehiculo, id_nivel_servicio, codigo_organismo_matri_vehic, numero_licencia_transito, id_marca_vehiculo, id_linea_vehiculo, id_color, numero_motor, modelo, peso_seco, peso_neto, codigo_tipo_transporte_pasaj, codigo_organismo_licen_trans) VALUES (79, 3, 3, 2, 'ven285', NULL, '938271', 6, NULL, 11001, '123456', NULL, 8735, 231, '147852', '2012', NULL, NULL, NULL, NULL);
INSERT INTO comparendo_vehiculo(id_comparendo_vehiculo, id_tipo_servicio, id_radio_accion, id_modalidad, placa_vehiculo, identificacion_vehiculo, numero_tarjeta_operacion, id_clase_vehiculo, id_nivel_servicio, codigo_organismo_matri_vehic, numero_licencia_transito, id_marca_vehiculo, id_linea_vehiculo, id_color, numero_motor, modelo, peso_seco, peso_neto, codigo_tipo_transporte_pasaj, codigo_organismo_licen_trans) VALUES (80, 3, 3, 2, 'ven285', NULL, '938271', 6, NULL, 11001, '123456', NULL, 8735, 231, '147852', '2012', NULL, NULL, NULL, NULL);
INSERT INTO comparendo_vehiculo(id_comparendo_vehiculo, id_tipo_servicio, id_radio_accion, id_modalidad, placa_vehiculo, identificacion_vehiculo, numero_tarjeta_operacion, id_clase_vehiculo, id_nivel_servicio, codigo_organismo_matri_vehic, numero_licencia_transito, id_marca_vehiculo, id_linea_vehiculo, id_color, numero_motor, modelo, peso_seco, peso_neto, codigo_tipo_transporte_pasaj, codigo_organismo_licen_trans) VALUES (111, 3, 3, NULL, 'VEN285', NULL, '938271', 6, NULL, 11001, NULL, NULL, NULL, NULL, NULL, NULL, NULL, NULL, NULL, NULL);
INSERT INTO comparendo_vehiculo(id_comparendo_vehiculo, id_tipo_servicio, id_radio_accion, id_modalidad, placa_vehiculo, identificacion_vehiculo, numero_tarjeta_operacion, id_clase_vehiculo, id_nivel_servicio, codigo_organismo_matri_vehic, numero_licencia_transito, id_marca_vehiculo, id_linea_vehiculo, id_color, numero_motor, modelo, peso_seco, peso_neto, codigo_tipo_transporte_pasaj, codigo_organismo_licen_trans) VALUES (112, 3, 3, NULL, 'VEN285', NULL, '938271', 6, NULL, 11001, NULL, NULL, NULL, NULL, NULL, NULL, NULL, NULL, NULL, NULL);
INSERT INTO comparendo_vehiculo(id_comparendo_vehiculo, id_tipo_servicio, id_radio_accion, id_modalidad, placa_vehiculo, identificacion_vehiculo, numero_tarjeta_operacion, id_clase_vehiculo, id_nivel_servicio, codigo_organismo_matri_vehic, numero_licencia_transito, id_marca_vehiculo, id_linea_vehiculo, id_color, numero_motor, modelo, peso_seco, peso_neto, codigo_tipo_transporte_pasaj, codigo_organismo_licen_trans) VALUES (113, 3, 3, NULL, 'VEN285', NULL, '938271', 6, NULL, 11001, NULL, NULL, NULL, NULL, NULL, NULL, NULL, NULL, NULL, NULL);
INSERT INTO comparendo_vehiculo(id_comparendo_vehiculo, id_tipo_servicio, id_radio_accion, id_modalidad, placa_vehiculo, identificacion_vehiculo, numero_tarjeta_operacion, id_clase_vehiculo, id_nivel_servicio, codigo_organismo_matri_vehic, numero_licencia_transito, id_marca_vehiculo, id_linea_vehiculo, id_color, numero_motor, modelo, peso_seco, peso_neto, codigo_tipo_transporte_pasaj, codigo_organismo_licen_trans) VALUES (121, 3, 3, 2, 'ven285', NULL, '938271', 6, NULL, 11001, '123456', NULL, 8735, 231, '147852', '2012', NULL, NULL, NULL, NULL);
INSERT INTO comparendo_vehiculo(id_comparendo_vehiculo, id_tipo_servicio, id_radio_accion, id_modalidad, placa_vehiculo, identificacion_vehiculo, numero_tarjeta_operacion, id_clase_vehiculo, id_nivel_servicio, codigo_organismo_matri_vehic, numero_licencia_transito, id_marca_vehiculo, id_linea_vehiculo, id_color, numero_motor, modelo, peso_seco, peso_neto, codigo_tipo_transporte_pasaj, codigo_organismo_licen_trans) VALUES (123, 3, 3, 2, 'ven285', NULL, '938271', 6, NULL, 11001, '123456', NULL, 8735, 231, '147852', '2012', NULL, NULL, NULL, NULL);
INSERT INTO comparendo_vehiculo(id_comparendo_vehiculo, id_tipo_servicio, id_radio_accion, id_modalidad, placa_vehiculo, identificacion_vehiculo, numero_tarjeta_operacion, id_clase_vehiculo, id_nivel_servicio, codigo_organismo_matri_vehic, numero_licencia_transito, id_marca_vehiculo, id_linea_vehiculo, id_color, numero_motor, modelo, peso_seco, peso_neto, codigo_tipo_transporte_pasaj, codigo_organismo_licen_trans) VALUES (125, 3, 3, 2, 'ven285', NULL, '938271', 6, NULL, 11001, '123456', NULL, 8735, 231, '147852', '2012', NULL, NULL, NULL, NULL);
INSERT INTO comparendo_vehiculo(id_comparendo_vehiculo, id_tipo_servicio, id_radio_accion, id_modalidad, placa_vehiculo, identificacion_vehiculo, numero_tarjeta_operacion, id_clase_vehiculo, id_nivel_servicio, codigo_organismo_matri_vehic, numero_licencia_transito, id_marca_vehiculo, id_linea_vehiculo, id_color, numero_motor, modelo, peso_seco, peso_neto, codigo_tipo_transporte_pasaj, codigo_organismo_licen_trans) VALUES (128, 3, 3, 2, 'ven285', NULL, '938271', 6, NULL, 11001, '123456', NULL, 8735, 231, '147852', '2012', NULL, NULL, NULL, NULL);
INSERT INTO comparendo_vehiculo(id_comparendo_vehiculo, id_tipo_servicio, id_radio_accion, id_modalidad, placa_vehiculo, identificacion_vehiculo, numero_tarjeta_operacion, id_clase_vehiculo, id_nivel_servicio, codigo_organismo_matri_vehic, numero_licencia_transito, id_marca_vehiculo, id_linea_vehiculo, id_color, numero_motor, modelo, peso_seco, peso_neto, codigo_tipo_transporte_pasaj, codigo_organismo_licen_trans) VALUES (129, 4, NULL, 2, 'BDX669', NULL, NULL, 1, NULL, NULL, NULL, NULL, NULL, NULL, NULL, NULL, NULL, NULL, NULL, NULL);
INSERT INTO comparendo_vehiculo(id_comparendo_vehiculo, id_tipo_servicio, id_radio_accion, id_modalidad, placa_vehiculo, identificacion_vehiculo, numero_tarjeta_operacion, id_clase_vehiculo, id_nivel_servicio, codigo_organismo_matri_vehic, numero_licencia_transito, id_marca_vehiculo, id_linea_vehiculo, id_color, numero_motor, modelo, peso_seco, peso_neto, codigo_tipo_transporte_pasaj, codigo_organismo_licen_trans) VALUES (130, 3, 3, 2, 'ven285', NULL, '938271', 6, NULL, 11001, '123456', NULL, 8735, 231, '147852', '2012', NULL, NULL, NULL, NULL);
INSERT INTO comparendo_vehiculo(id_comparendo_vehiculo, id_tipo_servicio, id_radio_accion, id_modalidad, placa_vehiculo, identificacion_vehiculo, numero_tarjeta_operacion, id_clase_vehiculo, id_nivel_servicio, codigo_organismo_matri_vehic, numero_licencia_transito, id_marca_vehiculo, id_linea_vehiculo, id_color, numero_motor, modelo, peso_seco, peso_neto, codigo_tipo_transporte_pasaj, codigo_organismo_licen_trans) VALUES (132, 3, 3, 2, 'ven285', NULL, '938271', 6, NULL, 11001, '123456', NULL, 8735, 231, '147852', '2012', NULL, NULL, NULL, NULL);
-- 
--  comparendo_agente
-- 
INSERT INTO comparendo_agente(id_comparendo_agente, id_tipo_identificacion, numero_identificacion, placa, apellido1, apellido2, nombre1, nombre2, id_unificacion_responsable, nombre_responsable, id_agente_transito, observaciones_agente) VALUES (68, 1, '80831378', '0009', 'Casas', NULL, 'Divier', NULL, 1, 'DATA TOOLS', 8, NULL);
INSERT INTO comparendo_agente(id_comparendo_agente, id_tipo_identificacion, numero_identificacion, placa, apellido1, apellido2, nombre1, nombre2, id_unificacion_responsable, nombre_responsable, id_agente_transito, observaciones_agente) VALUES (69, 1, '80831378', '0009', 'Casas', NULL, 'Divier', NULL, 1, 'DATA TOOLS', 8, NULL);
INSERT INTO comparendo_agente(id_comparendo_agente, id_tipo_identificacion, numero_identificacion, placa, apellido1, apellido2, nombre1, nombre2, id_unificacion_responsable, nombre_responsable, id_agente_transito, observaciones_agente) VALUES (70, 1, '80831378', '0009', 'Casas', NULL, 'Divier', NULL, 1, 'DATA TOOLS', 8, NULL);
INSERT INTO comparendo_agente(id_comparendo_agente, id_tipo_identificacion, numero_identificacion, placa, apellido1, apellido2, nombre1, nombre2, id_unificacion_responsable, nombre_responsable, id_agente_transito, observaciones_agente) VALUES (76, 1, '80831378', '0009', 'Casas', NULL, 'Divier', NULL, 1, 'DATA TOOLS', 8, NULL);
INSERT INTO comparendo_agente(id_comparendo_agente, id_tipo_identificacion, numero_identificacion, placa, apellido1, apellido2, nombre1, nombre2, id_unificacion_responsable, nombre_responsable, id_agente_transito, observaciones_agente) VALUES (77, 1, '80831378', '0009', 'Casas', NULL, 'Divier', NULL, 1, 'DATA TOOLS', 8, NULL);
INSERT INTO comparendo_agente(id_comparendo_agente, id_tipo_identificacion, numero_identificacion, placa, apellido1, apellido2, nombre1, nombre2, id_unificacion_responsable, nombre_responsable, id_agente_transito, observaciones_agente) VALUES (78, 1, '80831378', '0009', 'Casas', NULL, 'Divier', NULL, 1, 'DATA TOOLS', 8, NULL);
INSERT INTO comparendo_agente(id_comparendo_agente, id_tipo_identificacion, numero_identificacion, placa, apellido1, apellido2, nombre1, nombre2, id_unificacion_responsable, nombre_responsable, id_agente_transito, observaciones_agente) VALUES (79, 1, '80831378', '0009', 'Casas', NULL, 'Divier', NULL, 1, 'DATA TOOLS', 8, NULL);
INSERT INTO comparendo_agente(id_comparendo_agente, id_tipo_identificacion, numero_identificacion, placa, apellido1, apellido2, nombre1, nombre2, id_unificacion_responsable, nombre_responsable, id_agente_transito, observaciones_agente) VALUES (80, 1, '80831378', '0009', 'Casas', NULL, 'Divier', NULL, 1, 'DATA TOOLS', 8, NULL);
INSERT INTO comparendo_agente(id_comparendo_agente, id_tipo_identificacion, numero_identificacion, placa, apellido1, apellido2, nombre1, nombre2, id_unificacion_responsable, nombre_responsable, id_agente_transito, observaciones_agente) VALUES (102, 1, '80831378', NULL, 'Casas', NULL, 'Divier', NULL, NULL, NULL, NULL, NULL);
INSERT INTO comparendo_agente(id_comparendo_agente, id_tipo_identificacion, numero_identificacion, placa, apellido1, apellido2, nombre1, nombre2, id_unificacion_responsable, nombre_responsable, id_agente_transito, observaciones_agente) VALUES (103, 1, '80831378', NULL, 'Casas', NULL, 'Divier', NULL, 1, NULL, NULL, NULL);
INSERT INTO comparendo_agente(id_comparendo_agente, id_tipo_identificacion, numero_identificacion, placa, apellido1, apellido2, nombre1, nombre2, id_unificacion_responsable, nombre_responsable, id_agente_transito, observaciones_agente) VALUES (104, 1, '80831378', NULL, 'Casas', NULL, 'Divier', NULL, 1, NULL, NULL, NULL);
INSERT INTO comparendo_agente(id_comparendo_agente, id_tipo_identificacion, numero_identificacion, placa, apellido1, apellido2, nombre1, nombre2, id_unificacion_responsable, nombre_responsable, id_agente_transito, observaciones_agente) VALUES (105, 1, '80831378', NULL, 'Casas', NULL, 'Divier', NULL, 1, NULL, NULL, NULL);
INSERT INTO comparendo_agente(id_comparendo_agente, id_tipo_identificacion, numero_identificacion, placa, apellido1, apellido2, nombre1, nombre2, id_unificacion_responsable, nombre_responsable, id_agente_transito, observaciones_agente) VALUES (106, 1, '80831378', NULL, 'Casas', NULL, 'Divier', NULL, 1, NULL, NULL, NULL);
INSERT INTO comparendo_agente(id_comparendo_agente, id_tipo_identificacion, numero_identificacion, placa, apellido1, apellido2, nombre1, nombre2, id_unificacion_responsable, nombre_responsable, id_agente_transito, observaciones_agente) VALUES (107, 1, '80831378', NULL, 'Casas', 'Sapellido', 'Divier', NULL, NULL, NULL, NULL, NULL);
INSERT INTO comparendo_agente(id_comparendo_agente, id_tipo_identificacion, numero_identificacion, placa, apellido1, apellido2, nombre1, nombre2, id_unificacion_responsable, nombre_responsable, id_agente_transito, observaciones_agente) VALUES (108, 1, '80831378', NULL, 'Casas', 'Sapellido', 'Divier', NULL, NULL, NULL, NULL, NULL);
INSERT INTO comparendo_agente(id_comparendo_agente, id_tipo_identificacion, numero_identificacion, placa, apellido1, apellido2, nombre1, nombre2, id_unificacion_responsable, nombre_responsable, id_agente_transito, observaciones_agente) VALUES (109, 1, '80831378', NULL, 'Casas', 'Sapellido', 'Divier', NULL, NULL, NULL, NULL, NULL);
INSERT INTO comparendo_agente(id_comparendo_agente, id_tipo_identificacion, numero_identificacion, placa, apellido1, apellido2, nombre1, nombre2, id_unificacion_responsable, nombre_responsable, id_agente_transito, observaciones_agente) VALUES (110, 1, '80831378', NULL, 'Casas', 'Sapellido', 'Divier', NULL, NULL, NULL, NULL, NULL);
INSERT INTO comparendo_agente(id_comparendo_agente, id_tipo_identificacion, numero_identificacion, placa, apellido1, apellido2, nombre1, nombre2, id_unificacion_responsable, nombre_responsable, id_agente_transito, observaciones_agente) VALUES (111, 1, '80831378', NULL, 'Casas', 'Sapellido', 'Divier', NULL, NULL, NULL, NULL, NULL);
INSERT INTO comparendo_agente(id_comparendo_agente, id_tipo_identificacion, numero_identificacion, placa, apellido1, apellido2, nombre1, nombre2, id_unificacion_responsable, nombre_responsable, id_agente_transito, observaciones_agente) VALUES (112, 1, '80831378', NULL, 'Casas', 'Sapellido', 'Divier', NULL, NULL, NULL, NULL, NULL);
INSERT INTO comparendo_agente(id_comparendo_agente, id_tipo_identificacion, numero_identificacion, placa, apellido1, apellido2, nombre1, nombre2, id_unificacion_responsable, nombre_responsable, id_agente_transito, observaciones_agente) VALUES (113, 1, '80831378', NULL, 'Casas', 'Sapellido', 'Divier', NULL, NULL, NULL, NULL, 'Prueba Unitaria');
INSERT INTO comparendo_agente(id_comparendo_agente, id_tipo_identificacion, numero_identificacion, placa, apellido1, apellido2, nombre1, nombre2, id_unificacion_responsable, nombre_responsable, id_agente_transito, observaciones_agente) VALUES (121, 1, '80831378', '0009', 'Casas', NULL, 'Divier', NULL, 1, 'DATA TOOLS', 8, NULL);
INSERT INTO comparendo_agente(id_comparendo_agente, id_tipo_identificacion, numero_identificacion, placa, apellido1, apellido2, nombre1, nombre2, id_unificacion_responsable, nombre_responsable, id_agente_transito, observaciones_agente) VALUES (122, 1, '80831378', NULL, 'Casas', NULL, 'Divier', NULL, 1, 'DATA TOOLS', 8, NULL);
INSERT INTO comparendo_agente(id_comparendo_agente, id_tipo_identificacion, numero_identificacion, placa, apellido1, apellido2, nombre1, nombre2, id_unificacion_responsable, nombre_responsable, id_agente_transito, observaciones_agente) VALUES (123, 1, '80831378', '0009', 'Casas', NULL, 'Divier', NULL, 1, 'DATA TOOLS', 8, NULL);
INSERT INTO comparendo_agente(id_comparendo_agente, id_tipo_identificacion, numero_identificacion, placa, apellido1, apellido2, nombre1, nombre2, id_unificacion_responsable, nombre_responsable, id_agente_transito, observaciones_agente) VALUES (124, 1, '80831378', '0009', 'Casas', NULL, 'Divier', NULL, 1, 'TRANSITO BOGOTA', 8, NULL);
INSERT INTO comparendo_agente(id_comparendo_agente, id_tipo_identificacion, numero_identificacion, placa, apellido1, apellido2, nombre1, nombre2, id_unificacion_responsable, nombre_responsable, id_agente_transito, observaciones_agente) VALUES (125, 1, '80831378', '0009', 'Casas', NULL, 'Divier', NULL, 1, 'DATA TOOLS', 8, NULL);
INSERT INTO comparendo_agente(id_comparendo_agente, id_tipo_identificacion, numero_identificacion, placa, apellido1, apellido2, nombre1, nombre2, id_unificacion_responsable, nombre_responsable, id_agente_transito, observaciones_agente) VALUES (127, 1, '80831378', NULL, 'Casas', NULL, 'Divier', NULL, 1, 'TRANSITO BOGOTA', 8, NULL);
INSERT INTO comparendo_agente(id_comparendo_agente, id_tipo_identificacion, numero_identificacion, placa, apellido1, apellido2, nombre1, nombre2, id_unificacion_responsable, nombre_responsable, id_agente_transito, observaciones_agente) VALUES (128, 1, '80831378', '0009', 'Casas', NULL, 'Divier', NULL, 1, 'DATA TOOLS', 8, 'yfgjhgyugi');
INSERT INTO comparendo_agente(id_comparendo_agente, id_tipo_identificacion, numero_identificacion, placa, apellido1, apellido2, nombre1, nombre2, id_unificacion_responsable, nombre_responsable, id_agente_transito, observaciones_agente) VALUES (129, 1, '80831378', '0009', 'Casas', NULL, 'Divier', NULL, 1, 'DATA TOOLS', 8, 'PRUEBAS');
INSERT INTO comparendo_agente(id_comparendo_agente, id_tipo_identificacion, numero_identificacion, placa, apellido1, apellido2, nombre1, nombre2, id_unificacion_responsable, nombre_responsable, id_agente_transito, observaciones_agente) VALUES (130, 1, '80831378', '0009', 'Casas', NULL, 'Divier', NULL, 1, 'DATA TOOLS', 8, NULL);
INSERT INTO comparendo_agente(id_comparendo_agente, id_tipo_identificacion, numero_identificacion, placa, apellido1, apellido2, nombre1, nombre2, id_unificacion_responsable, nombre_responsable, id_agente_transito, observaciones_agente) VALUES (131, 1, '80831378', NULL, 'Casas', NULL, 'Divier', NULL, 1, 'DATA TOOLS', 8, NULL);
INSERT INTO comparendo_agente(id_comparendo_agente, id_tipo_identificacion, numero_identificacion, placa, apellido1, apellido2, nombre1, nombre2, id_unificacion_responsable, nombre_responsable, id_agente_transito, observaciones_agente) VALUES (132, 1, '80831378', '0009', 'Casas', NULL, 'Divier', NULL, 1, 'DATA TOOLS', 8, NULL);
-- 
--  comparendo_patio
-- 
INSERT INTO comparendo_patio(id_comparendo_patio, id_patio, numero_patio, nombre, numero_grua, placa_grua, consecutivo_asignado_grua, numero_informe, id_direccion) VALUES (68, NULL, 2, 'HJK', 21, 'BBG560', '0417', NULL, -9);
INSERT INTO comparendo_patio(id_comparendo_patio, id_patio, numero_patio, nombre, numero_grua, placa_grua, consecutivo_asignado_grua, numero_informe, id_direccion) VALUES (102, NULL, 1234, NULL, NULL, NULL, NULL, NULL, NULL);
INSERT INTO comparendo_patio(id_comparendo_patio, id_patio, numero_patio, nombre, numero_grua, placa_grua, consecutivo_asignado_grua, numero_informe, id_direccion) VALUES (103, NULL, 1234, NULL, NULL, NULL, NULL, NULL, NULL);
INSERT INTO comparendo_patio(id_comparendo_patio, id_patio, numero_patio, nombre, numero_grua, placa_grua, consecutivo_asignado_grua, numero_informe, id_direccion) VALUES (104, NULL, 1234, NULL, NULL, NULL, NULL, NULL, NULL);
INSERT INTO comparendo_patio(id_comparendo_patio, id_patio, numero_patio, nombre, numero_grua, placa_grua, consecutivo_asignado_grua, numero_informe, id_direccion) VALUES (105, NULL, 1234, NULL, NULL, NULL, NULL, NULL, NULL);
INSERT INTO comparendo_patio(id_comparendo_patio, id_patio, numero_patio, nombre, numero_grua, placa_grua, consecutivo_asignado_grua, numero_informe, id_direccion) VALUES (106, NULL, 1234, NULL, NULL, NULL, NULL, NULL, NULL);
INSERT INTO comparendo_patio(id_comparendo_patio, id_patio, numero_patio, nombre, numero_grua, placa_grua, consecutivo_asignado_grua, numero_informe, id_direccion) VALUES (107, NULL, 1234, NULL, NULL, NULL, NULL, NULL, NULL);
INSERT INTO comparendo_patio(id_comparendo_patio, id_patio, numero_patio, nombre, numero_grua, placa_grua, consecutivo_asignado_grua, numero_informe, id_direccion) VALUES (108, NULL, 1234, NULL, NULL, NULL, NULL, NULL, NULL);
INSERT INTO comparendo_patio(id_comparendo_patio, id_patio, numero_patio, nombre, numero_grua, placa_grua, consecutivo_asignado_grua, numero_informe, id_direccion) VALUES (109, NULL, 1234, NULL, NULL, NULL, NULL, NULL, NULL);
INSERT INTO comparendo_patio(id_comparendo_patio, id_patio, numero_patio, nombre, numero_grua, placa_grua, consecutivo_asignado_grua, numero_informe, id_direccion) VALUES (110, NULL, 1234, NULL, NULL, NULL, NULL, NULL, NULL);
INSERT INTO comparendo_patio(id_comparendo_patio, id_patio, numero_patio, nombre, numero_grua, placa_grua, consecutivo_asignado_grua, numero_informe, id_direccion) VALUES (111, NULL, 1234, NULL, NULL, NULL, NULL, NULL, NULL);
INSERT INTO comparendo_patio(id_comparendo_patio, id_patio, numero_patio, nombre, numero_grua, placa_grua, consecutivo_asignado_grua, numero_informe, id_direccion) VALUES (112, NULL, 1234, NULL, NULL, NULL, NULL, NULL, NULL);
INSERT INTO comparendo_patio(id_comparendo_patio, id_patio, numero_patio, nombre, numero_grua, placa_grua, consecutivo_asignado_grua, numero_informe, id_direccion) VALUES (113, 1, 1234, NULL, NULL, NULL, NULL, NULL, NULL);
INSERT INTO comparendo_patio(id_comparendo_patio, id_patio, numero_patio, nombre, numero_grua, placa_grua, consecutivo_asignado_grua, numero_informe, id_direccion) VALUES (121, NULL, 12334546, NULL, NULL, NULL, NULL, NULL, NULL);
INSERT INTO comparendo_patio(id_comparendo_patio, id_patio, numero_patio, nombre, numero_grua, placa_grua, consecutivo_asignado_grua, numero_informe, id_direccion) VALUES (122, NULL, 2, NULL, NULL, NULL, NULL, NULL, NULL);
INSERT INTO comparendo_patio(id_comparendo_patio, id_patio, numero_patio, nombre, numero_grua, placa_grua, consecutivo_asignado_grua, numero_informe, id_direccion) VALUES (123, NULL, 165879, NULL, NULL, NULL, NULL, NULL, NULL);
INSERT INTO comparendo_patio(id_comparendo_patio, id_patio, numero_patio, nombre, numero_grua, placa_grua, consecutivo_asignado_grua, numero_informe, id_direccion) VALUES (124, NULL, 21, NULL, NULL, NULL, NULL, NULL, NULL);
INSERT INTO comparendo_patio(id_comparendo_patio, id_patio, numero_patio, nombre, numero_grua, placa_grua, consecutivo_asignado_grua, numero_informe, id_direccion) VALUES (125, NULL, 123456, NULL, NULL, NULL, NULL, NULL, NULL);
INSERT INTO comparendo_patio(id_comparendo_patio, id_patio, numero_patio, nombre, numero_grua, placa_grua, consecutivo_asignado_grua, numero_informe, id_direccion) VALUES (127, NULL, 21, NULL, NULL, NULL, NULL, NULL, NULL);
INSERT INTO comparendo_patio(id_comparendo_patio, id_patio, numero_patio, nombre, numero_grua, placa_grua, consecutivo_asignado_grua, numero_informe, id_direccion) VALUES (128, NULL, 645645, NULL, NULL, NULL, NULL, NULL, NULL);
INSERT INTO comparendo_patio(id_comparendo_patio, id_patio, numero_patio, nombre, numero_grua, placa_grua, consecutivo_asignado_grua, numero_informe, id_direccion) VALUES (129, NULL, 89, NULL, NULL, 'DDS456', NULL, NULL, NULL);
INSERT INTO comparendo_patio(id_comparendo_patio, id_patio, numero_patio, nombre, numero_grua, placa_grua, consecutivo_asignado_grua, numero_informe, id_direccion) VALUES (130, NULL, 654, NULL, NULL, NULL, NULL, NULL, NULL);
INSERT INTO comparendo_patio(id_comparendo_patio, id_patio, numero_patio, nombre, numero_grua, placa_grua, consecutivo_asignado_grua, numero_informe, id_direccion) VALUES (131, NULL, 20, NULL, NULL, NULL, NULL, NULL, NULL);
INSERT INTO comparendo_patio(id_comparendo_patio, id_patio, numero_patio, nombre, numero_grua, placa_grua, consecutivo_asignado_grua, numero_informe, id_direccion) VALUES (132, NULL, 234234432, NULL, NULL, NULL, NULL, NULL, NULL);
-- 
--  comparendo_persona
-- 
INSERT INTO comparendo_persona(id_comparendo_persona, cicomparendo, codigo_tipo_persona_comparendo, id_persona, id_tipo_identificacion, numero_identificacion, digito_verificacion_nit, id_licencia, codigo_organismo_licencia, numero_licencia, id_categoria_licencia_condu, fecha_expedicion_licen_condu, fecha_vencimiento_licen_condu, apellido1, apellido2, nombre1, nombre2, razon_social, edad, id_direccion, email, telefono_fijo, telefono_movil, fecha_incio, fecha_fin) VALUES (66, 68, 2, -19, 1, '1014060420', NULL, NULL, NULL, NULL, NULL, NULL, NULL, 'ALVAREZ', NULL, 'luis', NULL, NULL, NULL, NULL, NULL, NULL, NULL, '2015-11-05', NULL);
INSERT INTO comparendo_persona(id_comparendo_persona, cicomparendo, codigo_tipo_persona_comparendo, id_persona, id_tipo_identificacion, numero_identificacion, digito_verificacion_nit, id_licencia, codigo_organismo_licencia, numero_licencia, id_categoria_licencia_condu, fecha_expedicion_licen_condu, fecha_vencimiento_licen_condu, apellido1, apellido2, nombre1, nombre2, razon_social, edad, id_direccion, email, telefono_fijo, telefono_movil, fecha_incio, fecha_fin) VALUES (67, 68, 8, -21, 1, '1014060420', NULL, NULL, NULL, NULL, NULL, NULL, NULL, 'ALVAREZ', NULL, 'luis', NULL, NULL, NULL, NULL, NULL, NULL, NULL, '2015-11-05', NULL);
INSERT INTO comparendo_persona(id_comparendo_persona, cicomparendo, codigo_tipo_persona_comparendo, id_persona, id_tipo_identificacion, numero_identificacion, digito_verificacion_nit, id_licencia, codigo_organismo_licencia, numero_licencia, id_categoria_licencia_condu, fecha_expedicion_licen_condu, fecha_vencimiento_licen_condu, apellido1, apellido2, nombre1, nombre2, razon_social, edad, id_direccion, email, telefono_fijo, telefono_movil, fecha_incio, fecha_fin) VALUES (68, 69, 2, -102, 1, '6000002', NULL, NULL, NULL, NULL, NULL, NULL, NULL, 'Infractor Apellido', 'Apellido dos', 'Nombre Infractor', NULL, NULL, NULL, NULL, 'luis.forero@datatools.com.co', '7777777', NULL, '2015-11-09', NULL);
INSERT INTO comparendo_persona(id_comparendo_persona, cicomparendo, codigo_tipo_persona_comparendo, id_persona, id_tipo_identificacion, numero_identificacion, digito_verificacion_nit, id_licencia, codigo_organismo_licencia, numero_licencia, id_categoria_licencia_condu, fecha_expedicion_licen_condu, fecha_vencimiento_licen_condu, apellido1, apellido2, nombre1, nombre2, razon_social, edad, id_direccion, email, telefono_fijo, telefono_movil, fecha_incio, fecha_fin) VALUES (69, 70, 2, -102, 1, '6000002', NULL, NULL, NULL, NULL, NULL, NULL, NULL, 'Infractor Apellido', 'Apellido dos', 'Nombre Infractor', NULL, NULL, NULL, NULL, 'luis.forero@datatools.com.co', '7777777', NULL, '2015-11-12', NULL);
INSERT INTO comparendo_persona(id_comparendo_persona, cicomparendo, codigo_tipo_persona_comparendo, id_persona, id_tipo_identificacion, numero_identificacion, digito_verificacion_nit, id_licencia, codigo_organismo_licencia, numero_licencia, id_categoria_licencia_condu, fecha_expedicion_licen_condu, fecha_vencimiento_licen_condu, apellido1, apellido2, nombre1, nombre2, razon_social, edad, id_direccion, email, telefono_fijo, telefono_movil, fecha_incio, fecha_fin) VALUES (70, 70, 8, -102, 1, '6000002', NULL, NULL, NULL, NULL, NULL, NULL, NULL, 'Infractor Apellido', 'Apellido dos', 'Nombre Infractor', NULL, NULL, NULL, NULL, 'luis.forero@datatools.com.co', '7777777', NULL, '2015-11-12', NULL);
INSERT INTO comparendo_persona(id_comparendo_persona, cicomparendo, codigo_tipo_persona_comparendo, id_persona, id_tipo_identificacion, numero_identificacion, digito_verificacion_nit, id_licencia, codigo_organismo_licencia, numero_licencia, id_categoria_licencia_condu, fecha_expedicion_licen_condu, fecha_vencimiento_licen_condu, apellido1, apellido2, nombre1, nombre2, razon_social, edad, id_direccion, email, telefono_fijo, telefono_movil, fecha_incio, fecha_fin) VALUES (76, 76, 2, -102, 1, '6000002', NULL, NULL, NULL, NULL, NULL, NULL, NULL, 'Infractor Apellido', 'Apellido dos', 'Nombre Infractor', NULL, NULL, NULL, NULL, 'luis.forero@datatools.com.co', '7777777', NULL, '2015-11-13', NULL);
INSERT INTO comparendo_persona(id_comparendo_persona, cicomparendo, codigo_tipo_persona_comparendo, id_persona, id_tipo_identificacion, numero_identificacion, digito_verificacion_nit, id_licencia, codigo_organismo_licencia, numero_licencia, id_categoria_licencia_condu, fecha_expedicion_licen_condu, fecha_vencimiento_licen_condu, apellido1, apellido2, nombre1, nombre2, razon_social, edad, id_direccion, email, telefono_fijo, telefono_movil, fecha_incio, fecha_fin) VALUES (77, 77, 2, -102, 1, '6000002', NULL, NULL, NULL, NULL, NULL, NULL, NULL, 'Infractor Apellido', 'Apellido dos', 'Nombre Infractor', NULL, NULL, NULL, NULL, 'luis.forero@datatools.com.co', '7777777', NULL, '2015-11-13', NULL);
INSERT INTO comparendo_persona(id_comparendo_persona, cicomparendo, codigo_tipo_persona_comparendo, id_persona, id_tipo_identificacion, numero_identificacion, digito_verificacion_nit, id_licencia, codigo_organismo_licencia, numero_licencia, id_categoria_licencia_condu, fecha_expedicion_licen_condu, fecha_vencimiento_licen_condu, apellido1, apellido2, nombre1, nombre2, razon_social, edad, id_direccion, email, telefono_fijo, telefono_movil, fecha_incio, fecha_fin) VALUES (78, 78, 2, -102, 1, '6000002', NULL, NULL, NULL, NULL, NULL, NULL, NULL, 'Infractor Apellido', 'Apellido dos', 'Nombre Infractor', NULL, NULL, NULL, NULL, 'luis.forero@datatools.com.co', '7777777', NULL, '2015-11-13', NULL);
INSERT INTO comparendo_persona(id_comparendo_persona, cicomparendo, codigo_tipo_persona_comparendo, id_persona, id_tipo_identificacion, numero_identificacion, digito_verificacion_nit, id_licencia, codigo_organismo_licencia, numero_licencia, id_categoria_licencia_condu, fecha_expedicion_licen_condu, fecha_vencimiento_licen_condu, apellido1, apellido2, nombre1, nombre2, razon_social, edad, id_direccion, email, telefono_fijo, telefono_movil, fecha_incio, fecha_fin) VALUES (79, 79, 2, -102, 1, '6000002', NULL, NULL, NULL, NULL, NULL, NULL, NULL, 'Infractor Apellido', 'Apellido dos', 'Nombre Infractor', NULL, NULL, NULL, NULL, 'luis.forero@datatools.com.co', '7777777', NULL, '2015-11-13', NULL);
INSERT INTO comparendo_persona(id_comparendo_persona, cicomparendo, codigo_tipo_persona_comparendo, id_persona, id_tipo_identificacion, numero_identificacion, digito_verificacion_nit, id_licencia, codigo_organismo_licencia, numero_licencia, id_categoria_licencia_condu, fecha_expedicion_licen_condu, fecha_vencimiento_licen_condu, apellido1, apellido2, nombre1, nombre2, razon_social, edad, id_direccion, email, telefono_fijo, telefono_movil, fecha_incio, fecha_fin) VALUES (80, 80, 2, -102, 1, '6000002', NULL, NULL, NULL, NULL, NULL, NULL, NULL, 'Infractor Apellido', 'Apellido dos', 'Nombre Infractor', NULL, NULL, NULL, NULL, 'luis.forero@datatools.com.co', '7777777', NULL, '2015-11-01', NULL);
INSERT INTO comparendo_persona(id_comparendo_persona, cicomparendo, codigo_tipo_persona_comparendo, id_persona, id_tipo_identificacion, numero_identificacion, digito_verificacion_nit, id_licencia, codigo_organismo_licencia, numero_licencia, id_categoria_licencia_condu, fecha_expedicion_licen_condu, fecha_vencimiento_licen_condu, apellido1, apellido2, nombre1, nombre2, razon_social, edad, id_direccion, email, telefono_fijo, telefono_movil, fecha_incio, fecha_fin) VALUES (81, 110, 2, -102, 1, '6000002', NULL, NULL, NULL, NULL, NULL, NULL, NULL, 'Papellido', NULL, 'Pnombre', NULL, NULL, NULL, NULL, NULL, NULL, NULL, '2015-11-23', NULL);
INSERT INTO comparendo_persona(id_comparendo_persona, cicomparendo, codigo_tipo_persona_comparendo, id_persona, id_tipo_identificacion, numero_identificacion, digito_verificacion_nit, id_licencia, codigo_organismo_licencia, numero_licencia, id_categoria_licencia_condu, fecha_expedicion_licen_condu, fecha_vencimiento_licen_condu, apellido1, apellido2, nombre1, nombre2, razon_social, edad, id_direccion, email, telefono_fijo, telefono_movil, fecha_incio, fecha_fin) VALUES (82, 111, 2, -102, 1, '6000002', NULL, NULL, NULL, NULL, NULL, NULL, NULL, 'Papellido', NULL, 'Pnombre', NULL, NULL, NULL, NULL, NULL, NULL, NULL, '2015-11-23', NULL);
INSERT INTO comparendo_persona(id_comparendo_persona, cicomparendo, codigo_tipo_persona_comparendo, id_persona, id_tipo_identificacion, numero_identificacion, digito_verificacion_nit, id_licencia, codigo_organismo_licencia, numero_licencia, id_categoria_licencia_condu, fecha_expedicion_licen_condu, fecha_vencimiento_licen_condu, apellido1, apellido2, nombre1, nombre2, razon_social, edad, id_direccion, email, telefono_fijo, telefono_movil, fecha_incio, fecha_fin) VALUES (83, 111, 1, NULL, 2, '10000000000', NULL, NULL, NULL, NULL, NULL, NULL, NULL, NULL, NULL, NULL, NULL, 'razon social', NULL, NULL, NULL, NULL, NULL, '2015-11-23', NULL);
INSERT INTO comparendo_persona(id_comparendo_persona, cicomparendo, codigo_tipo_persona_comparendo, id_persona, id_tipo_identificacion, numero_identificacion, digito_verificacion_nit, id_licencia, codigo_organismo_licencia, numero_licencia, id_categoria_licencia_condu, fecha_expedicion_licen_condu, fecha_vencimiento_licen_condu, apellido1, apellido2, nombre1, nombre2, razon_social, edad, id_direccion, email, telefono_fijo, telefono_movil, fecha_incio, fecha_fin) VALUES (84, 112, 2, -102, 1, '6000002', NULL, NULL, NULL, NULL, NULL, NULL, NULL, 'Papellido', NULL, 'Pnombre', NULL, NULL, NULL, NULL, NULL, NULL, NULL, '2015-11-23', NULL);
INSERT INTO comparendo_persona(id_comparendo_persona, cicomparendo, codigo_tipo_persona_comparendo, id_persona, id_tipo_identificacion, numero_identificacion, digito_verificacion_nit, id_licencia, codigo_organismo_licencia, numero_licencia, id_categoria_licencia_condu, fecha_expedicion_licen_condu, fecha_vencimiento_licen_condu, apellido1, apellido2, nombre1, nombre2, razon_social, edad, id_direccion, email, telefono_fijo, telefono_movil, fecha_incio, fecha_fin) VALUES (85, 112, 8, -102, 1, '6000002', NULL, NULL, NULL, NULL, NULL, NULL, NULL, 'Papellido', NULL, 'Pnombre', NULL, NULL, NULL, NULL, NULL, NULL, NULL, '2015-11-23', NULL);
INSERT INTO comparendo_persona(id_comparendo_persona, cicomparendo, codigo_tipo_persona_comparendo, id_persona, id_tipo_identificacion, numero_identificacion, digito_verificacion_nit, id_licencia, codigo_organismo_licencia, numero_licencia, id_categoria_licencia_condu, fecha_expedicion_licen_condu, fecha_vencimiento_licen_condu, apellido1, apellido2, nombre1, nombre2, razon_social, edad, id_direccion, email, telefono_fijo, telefono_movil, fecha_incio, fecha_fin) VALUES (86, 112, 1, NULL, 2, '10000000000', NULL, NULL, NULL, NULL, NULL, NULL, NULL, NULL, NULL, NULL, NULL, 'razon social', NULL, NULL, NULL, NULL, NULL, '2015-11-23', NULL);
INSERT INTO comparendo_persona(id_comparendo_persona, cicomparendo, codigo_tipo_persona_comparendo, id_persona, id_tipo_identificacion, numero_identificacion, digito_verificacion_nit, id_licencia, codigo_organismo_licencia, numero_licencia, id_categoria_licencia_condu, fecha_expedicion_licen_condu, fecha_vencimiento_licen_condu, apellido1, apellido2, nombre1, nombre2, razon_social, edad, id_direccion, email, telefono_fijo, telefono_movil, fecha_incio, fecha_fin) VALUES (87, 113, 2, -102, 1, '6000002', NULL, NULL, NULL, NULL, NULL, NULL, NULL, 'Papellido', NULL, 'Pnombre', NULL, NULL, NULL, NULL, NULL, NULL, NULL, '2015-11-24', NULL);
INSERT INTO comparendo_persona(id_comparendo_persona, cicomparendo, codigo_tipo_persona_comparendo, id_persona, id_tipo_identificacion, numero_identificacion, digito_verificacion_nit, id_licencia, codigo_organismo_licencia, numero_licencia, id_categoria_licencia_condu, fecha_expedicion_licen_condu, fecha_vencimiento_licen_condu, apellido1, apellido2, nombre1, nombre2, razon_social, edad, id_direccion, email, telefono_fijo, telefono_movil, fecha_incio, fecha_fin) VALUES (88, 113, 8, -102, 1, '6000002', NULL, NULL, NULL, NULL, NULL, NULL, NULL, 'Papellido', NULL, 'Pnombre', NULL, NULL, NULL, NULL, NULL, NULL, NULL, '2015-11-24', NULL);
INSERT INTO comparendo_persona(id_comparendo_persona, cicomparendo, codigo_tipo_persona_comparendo, id_persona, id_tipo_identificacion, numero_identificacion, digito_verificacion_nit, id_licencia, codigo_organismo_licencia, numero_licencia, id_categoria_licencia_condu, fecha_expedicion_licen_condu, fecha_vencimiento_licen_condu, apellido1, apellido2, nombre1, nombre2, razon_social, edad, id_direccion, email, telefono_fijo, telefono_movil, fecha_incio, fecha_fin) VALUES (89, 113, 14, -102, 1, '6000002', NULL, NULL, NULL, NULL, NULL, NULL, NULL, 'Papellido', NULL, 'Pnombre', NULL, NULL, NULL, NULL, NULL, NULL, NULL, '2015-11-24', NULL);
INSERT INTO comparendo_persona(id_comparendo_persona, cicomparendo, codigo_tipo_persona_comparendo, id_persona, id_tipo_identificacion, numero_identificacion, digito_verificacion_nit, id_licencia, codigo_organismo_licencia, numero_licencia, id_categoria_licencia_condu, fecha_expedicion_licen_condu, fecha_vencimiento_licen_condu, apellido1, apellido2, nombre1, nombre2, razon_social, edad, id_direccion, email, telefono_fijo, telefono_movil, fecha_incio, fecha_fin) VALUES (90, 113, 1, NULL, 2, '10000000000', NULL, NULL, NULL, NULL, NULL, NULL, NULL, NULL, NULL, NULL, NULL, 'razon social', NULL, NULL, NULL, NULL, NULL, '2015-11-24', NULL);
INSERT INTO comparendo_persona(id_comparendo_persona, cicomparendo, codigo_tipo_persona_comparendo, id_persona, id_tipo_identificacion, numero_identificacion, digito_verificacion_nit, id_licencia, codigo_organismo_licencia, numero_licencia, id_categoria_licencia_condu, fecha_expedicion_licen_condu, fecha_vencimiento_licen_condu, apellido1, apellido2, nombre1, nombre2, razon_social, edad, id_direccion, email, telefono_fijo, telefono_movil, fecha_incio, fecha_fin) VALUES (93, 121, 2, -102, 1, '6000002', NULL, NULL, NULL, NULL, NULL, NULL, NULL, 'Infractor Apellido', 'Apellido dos', 'Nombre Infractor', NULL, NULL, NULL, NULL, 'luis.forero@datatools.com.co', '7777777', NULL, '2015-11-25', NULL);
INSERT INTO comparendo_persona(id_comparendo_persona, cicomparendo, codigo_tipo_persona_comparendo, id_persona, id_tipo_identificacion, numero_identificacion, digito_verificacion_nit, id_licencia, codigo_organismo_licencia, numero_licencia, id_categoria_licencia_condu, fecha_expedicion_licen_condu, fecha_vencimiento_licen_condu, apellido1, apellido2, nombre1, nombre2, razon_social, edad, id_direccion, email, telefono_fijo, telefono_movil, fecha_incio, fecha_fin) VALUES (94, 122, 2, 280, 1, '1012654987', NULL, NULL, NULL, NULL, NULL, NULL, NULL, 'CALDERON', NULL, 'LEONARDO', NULL, NULL, NULL, NULL, NULL, NULL, NULL, '2015-11-24', NULL);
INSERT INTO comparendo_persona(id_comparendo_persona, cicomparendo, codigo_tipo_persona_comparendo, id_persona, id_tipo_identificacion, numero_identificacion, digito_verificacion_nit, id_licencia, codigo_organismo_licencia, numero_licencia, id_categoria_licencia_condu, fecha_expedicion_licen_condu, fecha_vencimiento_licen_condu, apellido1, apellido2, nombre1, nombre2, razon_social, edad, id_direccion, email, telefono_fijo, telefono_movil, fecha_incio, fecha_fin) VALUES (95, 122, 8, 280, 1, '1012654987', NULL, NULL, NULL, NULL, NULL, NULL, NULL, 'CALDERON', NULL, 'LEONARDO', NULL, NULL, NULL, NULL, NULL, NULL, NULL, '2015-11-24', NULL);
INSERT INTO comparendo_persona(id_comparendo_persona, cicomparendo, codigo_tipo_persona_comparendo, id_persona, id_tipo_identificacion, numero_identificacion, digito_verificacion_nit, id_licencia, codigo_organismo_licencia, numero_licencia, id_categoria_licencia_condu, fecha_expedicion_licen_condu, fecha_vencimiento_licen_condu, apellido1, apellido2, nombre1, nombre2, razon_social, edad, id_direccion, email, telefono_fijo, telefono_movil, fecha_incio, fecha_fin) VALUES (96, 123, 2, 280, 1, '1012654987', NULL, NULL, NULL, NULL, NULL, NULL, NULL, 'CALDERON', NULL, 'LEONARDO', NULL, NULL, NULL, NULL, NULL, NULL, NULL, '2015-11-26', NULL);
INSERT INTO comparendo_persona(id_comparendo_persona, cicomparendo, codigo_tipo_persona_comparendo, id_persona, id_tipo_identificacion, numero_identificacion, digito_verificacion_nit, id_licencia, codigo_organismo_licencia, numero_licencia, id_categoria_licencia_condu, fecha_expedicion_licen_condu, fecha_vencimiento_licen_condu, apellido1, apellido2, nombre1, nombre2, razon_social, edad, id_direccion, email, telefono_fijo, telefono_movil, fecha_incio, fecha_fin) VALUES (97, 124, 2, 281, 1, '1015659753', NULL, NULL, NULL, NULL, NULL, NULL, NULL, 'AVELLANEDA', 'GONZALES', 'JOSE', 'ARMANDO', NULL, NULL, NULL, 'JAVELLANEDA@GMAIL.COM', NULL, NULL, '2015-11-25', NULL);
INSERT INTO comparendo_persona(id_comparendo_persona, cicomparendo, codigo_tipo_persona_comparendo, id_persona, id_tipo_identificacion, numero_identificacion, digito_verificacion_nit, id_licencia, codigo_organismo_licencia, numero_licencia, id_categoria_licencia_condu, fecha_expedicion_licen_condu, fecha_vencimiento_licen_condu, apellido1, apellido2, nombre1, nombre2, razon_social, edad, id_direccion, email, telefono_fijo, telefono_movil, fecha_incio, fecha_fin) VALUES (98, 125, 2, -102, 1, '6000002', NULL, NULL, NULL, NULL, NULL, NULL, NULL, 'Infractor Apellido', 'Apellido dos', 'Nombre Infractor', NULL, NULL, NULL, NULL, 'luis.forero@datatools.com.co', '7777777', NULL, '2015-11-26', NULL);
INSERT INTO comparendo_persona(id_comparendo_persona, cicomparendo, codigo_tipo_persona_comparendo, id_persona, id_tipo_identificacion, numero_identificacion, digito_verificacion_nit, id_licencia, codigo_organismo_licencia, numero_licencia, id_categoria_licencia_condu, fecha_expedicion_licen_condu, fecha_vencimiento_licen_condu, apellido1, apellido2, nombre1, nombre2, razon_social, edad, id_direccion, email, telefono_fijo, telefono_movil, fecha_incio, fecha_fin) VALUES (99, 127, 2, 281, 1, '1015659753', NULL, NULL, NULL, NULL, NULL, NULL, NULL, 'AVELLANEDA', 'GONZALES', 'JOSE', 'ARMANDO', NULL, NULL, NULL, 'JAVELLANEDA@GMAIL.COM', NULL, NULL, '2015-11-27', NULL);
INSERT INTO comparendo_persona(id_comparendo_persona, cicomparendo, codigo_tipo_persona_comparendo, id_persona, id_tipo_identificacion, numero_identificacion, digito_verificacion_nit, id_licencia, codigo_organismo_licencia, numero_licencia, id_categoria_licencia_condu, fecha_expedicion_licen_condu, fecha_vencimiento_licen_condu, apellido1, apellido2, nombre1, nombre2, razon_social, edad, id_direccion, email, telefono_fijo, telefono_movil, fecha_incio, fecha_fin) VALUES (100, 128, 2, -102, 1, '6000002', NULL, NULL, NULL, NULL, NULL, NULL, NULL, 'Infractor Apellido', 'Apellido dos', 'Nombre Infractor', NULL, NULL, NULL, NULL, 'luis.forero@datatools.com.co', '7777777', NULL, '2015-12-01', NULL);
INSERT INTO comparendo_persona(id_comparendo_persona, cicomparendo, codigo_tipo_persona_comparendo, id_persona, id_tipo_identificacion, numero_identificacion, digito_verificacion_nit, id_licencia, codigo_organismo_licencia, numero_licencia, id_categoria_licencia_condu, fecha_expedicion_licen_condu, fecha_vencimiento_licen_condu, apellido1, apellido2, nombre1, nombre2, razon_social, edad, id_direccion, email, telefono_fijo, telefono_movil, fecha_incio, fecha_fin) VALUES (101, 128, 8, -102, 1, '6000002', NULL, NULL, NULL, NULL, NULL, NULL, NULL, 'Infractor Apellido', 'Apellido dos', 'Nombre Infractor', NULL, NULL, NULL, NULL, NULL, NULL, NULL, '2015-12-01', NULL);
INSERT INTO comparendo_persona(id_comparendo_persona, cicomparendo, codigo_tipo_persona_comparendo, id_persona, id_tipo_identificacion, numero_identificacion, digito_verificacion_nit, id_licencia, codigo_organismo_licencia, numero_licencia, id_categoria_licencia_condu, fecha_expedicion_licen_condu, fecha_vencimiento_licen_condu, apellido1, apellido2, nombre1, nombre2, razon_social, edad, id_direccion, email, telefono_fijo, telefono_movil, fecha_incio, fecha_fin) VALUES (102, 128, 14, -102, 1, '6000002', NULL, NULL, NULL, NULL, NULL, NULL, NULL, 'Infractor Apellido', 'Apellido dos', 'Nombre Infractor', NULL, NULL, NULL, NULL, 'luis.forero@datatools.com.co', '7777777', NULL, '2015-12-01', NULL);
INSERT INTO comparendo_persona(id_comparendo_persona, cicomparendo, codigo_tipo_persona_comparendo, id_persona, id_tipo_identificacion, numero_identificacion, digito_verificacion_nit, id_licencia, codigo_organismo_licencia, numero_licencia, id_categoria_licencia_condu, fecha_expedicion_licen_condu, fecha_vencimiento_licen_condu, apellido1, apellido2, nombre1, nombre2, razon_social, edad, id_direccion, email, telefono_fijo, telefono_movil, fecha_incio, fecha_fin) VALUES (103, 129, 2, 286, 1, '79875401', NULL, NULL, NULL, NULL, NULL, NULL, NULL, 'romero', NULL, 'mimimi', NULL, NULL, NULL, NULL, NULL, NULL, NULL, '2015-12-01', NULL);
INSERT INTO comparendo_persona(id_comparendo_persona, cicomparendo, codigo_tipo_persona_comparendo, id_persona, id_tipo_identificacion, numero_identificacion, digito_verificacion_nit, id_licencia, codigo_organismo_licencia, numero_licencia, id_categoria_licencia_condu, fecha_expedicion_licen_condu, fecha_vencimiento_licen_condu, apellido1, apellido2, nombre1, nombre2, razon_social, edad, id_direccion, email, telefono_fijo, telefono_movil, fecha_incio, fecha_fin) VALUES (104, 129, 8, 286, 1, '79875401', NULL, NULL, NULL, NULL, NULL, NULL, NULL, 'romero', NULL, 'mimimi', NULL, NULL, NULL, NULL, NULL, NULL, NULL, '2015-12-01', NULL);
INSERT INTO comparendo_persona(id_comparendo_persona, cicomparendo, codigo_tipo_persona_comparendo, id_persona, id_tipo_identificacion, numero_identificacion, digito_verificacion_nit, id_licencia, codigo_organismo_licencia, numero_licencia, id_categoria_licencia_condu, fecha_expedicion_licen_condu, fecha_vencimiento_licen_condu, apellido1, apellido2, nombre1, nombre2, razon_social, edad, id_direccion, email, telefono_fijo, telefono_movil, fecha_incio, fecha_fin) VALUES (105, 130, 2, -102, 1, '6000002', NULL, NULL, NULL, NULL, NULL, NULL, NULL, 'Infractor Apellido', 'Apellido dos', 'Nombre Infractor', NULL, NULL, NULL, NULL, 'luis.forero@datatools.com.co', '7777777', NULL, '2015-12-02', NULL);
INSERT INTO comparendo_persona(id_comparendo_persona, cicomparendo, codigo_tipo_persona_comparendo, id_persona, id_tipo_identificacion, numero_identificacion, digito_verificacion_nit, id_licencia, codigo_organismo_licencia, numero_licencia, id_categoria_licencia_condu, fecha_expedicion_licen_condu, fecha_vencimiento_licen_condu, apellido1, apellido2, nombre1, nombre2, razon_social, edad, id_direccion, email, telefono_fijo, telefono_movil, fecha_incio, fecha_fin) VALUES (106, 131, 2, -19, 1, '80927474', NULL, NULL, NULL, NULL, NULL, NULL, NULL, 'Velandia', 'Rincon', 'Giovanni', 'Alexis', NULL, NULL, -8, 'giovelrin15@hotmail.com', '2310467', '3114562826', '2015-12-01', NULL);
INSERT INTO comparendo_persona(id_comparendo_persona, cicomparendo, codigo_tipo_persona_comparendo, id_persona, id_tipo_identificacion, numero_identificacion, digito_verificacion_nit, id_licencia, codigo_organismo_licencia, numero_licencia, id_categoria_licencia_condu, fecha_expedicion_licen_condu, fecha_vencimiento_licen_condu, apellido1, apellido2, nombre1, nombre2, razon_social, edad, id_direccion, email, telefono_fijo, telefono_movil, fecha_incio, fecha_fin) VALUES (107, 131, 8, -21, 1, '80927474', NULL, NULL, NULL, NULL, NULL, NULL, NULL, 'Velandia', 'Rincon', 'Giovanni', 'Alexis', NULL, NULL, NULL, NULL, NULL, NULL, '2015-12-01', NULL);
INSERT INTO comparendo_persona(id_comparendo_persona, cicomparendo, codigo_tipo_persona_comparendo, id_persona, id_tipo_identificacion, numero_identificacion, digito_verificacion_nit, id_licencia, codigo_organismo_licencia, numero_licencia, id_categoria_licencia_condu, fecha_expedicion_licen_condu, fecha_vencimiento_licen_condu, apellido1, apellido2, nombre1, nombre2, razon_social, edad, id_direccion, email, telefono_fijo, telefono_movil, fecha_incio, fecha_fin) VALUES (108, 132, 2, -102, 1, '6000002', NULL, NULL, NULL, NULL, NULL, NULL, NULL, 'Infractor Apellido', 'Apellido dos', 'Nombre Infractor', NULL, NULL, NULL, NULL, 'luis.forero@datatools.com.co', '7777777', NULL, '2015-12-02', NULL);
INSERT INTO comparendo_persona(id_comparendo_persona, cicomparendo, codigo_tipo_persona_comparendo, id_persona, id_tipo_identificacion, numero_identificacion, digito_verificacion_nit, id_licencia, codigo_organismo_licencia, numero_licencia, id_categoria_licencia_condu, fecha_expedicion_licen_condu, fecha_vencimiento_licen_condu, apellido1, apellido2, nombre1, nombre2, razon_social, edad, id_direccion, email, telefono_fijo, telefono_movil, fecha_incio, fecha_fin) VALUES (109, 132, 8, -102, 1, '6000002', NULL, NULL, NULL, NULL, NULL, NULL, NULL, 'Infractor Apellido', 'Apellido dos', 'Nombre Infractor', NULL, NULL, NULL, NULL, NULL, NULL, NULL, '2015-12-02', NULL);
-- 
--  cartera
-- 
INSERT INTO cartera(id_cartera, origen, nombre, fecha_creacion, fecha_inicio, fecha_registro, fecha_actualizacion, id_deudor, codigo_tipo_obligacion, codigo_estado_obligacion) VALUES (23, 11001, '11001000000000000054', '2015-11-05', NULL, '2015-11-06', '2015-11-06', 286, 1, 1);
INSERT INTO cartera(id_cartera, origen, nombre, fecha_creacion, fecha_inicio, fecha_registro, fecha_actualizacion, id_deudor, codigo_tipo_obligacion, codigo_estado_obligacion) VALUES (24, 11001, '11001000000000000041', '2015-11-09', '2015-11-09', '2015-11-09', '2015-11-09', -102, 1, 2);
INSERT INTO cartera(id_cartera, origen, nombre, fecha_creacion, fecha_inicio, fecha_registro, fecha_actualizacion, id_deudor, codigo_tipo_obligacion, codigo_estado_obligacion) VALUES (25, 11001, '11001000000000000111', '2015-11-12', '2015-11-12', '2015-11-12', '2015-11-12', -102, 1, 2);
INSERT INTO cartera(id_cartera, origen, nombre, fecha_creacion, fecha_inicio, fecha_registro, fecha_actualizacion, id_deudor, codigo_tipo_obligacion, codigo_estado_obligacion) VALUES (26, 11001, '11001000000000000043', '2015-11-13', '2015-11-13', '2015-11-13', '2015-11-13', -102, 1, 2);
INSERT INTO cartera(id_cartera, origen, nombre, fecha_creacion, fecha_inicio, fecha_registro, fecha_actualizacion, id_deudor, codigo_tipo_obligacion, codigo_estado_obligacion) VALUES (27, 11001, '11001000000000000044', '2015-11-13', '2015-11-13', '2015-11-13', '2015-11-13', -102, 1, 2);
INSERT INTO cartera(id_cartera, origen, nombre, fecha_creacion, fecha_inicio, fecha_registro, fecha_actualizacion, id_deudor, codigo_tipo_obligacion, codigo_estado_obligacion) VALUES (28, 11001, '11001000000000000045', '2015-11-13', '2015-11-13', '2015-11-13', '2015-11-13', -102, 1, 2);
INSERT INTO cartera(id_cartera, origen, nombre, fecha_creacion, fecha_inicio, fecha_registro, fecha_actualizacion, id_deudor, codigo_tipo_obligacion, codigo_estado_obligacion) VALUES (29, 11001, '11001000000000000046', '2015-11-13', '2015-11-13', '2015-11-13', '2015-11-13', -102, 1, 2);
INSERT INTO cartera(id_cartera, origen, nombre, fecha_creacion, fecha_inicio, fecha_registro, fecha_actualizacion, id_deudor, codigo_tipo_obligacion, codigo_estado_obligacion) VALUES (30, 11001, '11001000000000000047', '2015-11-01', '2015-11-01', '2015-11-13', '2015-11-13', -102, 1, 2);
INSERT INTO cartera(id_cartera, origen, nombre, fecha_creacion, fecha_inicio, fecha_registro, fecha_actualizacion, id_deudor, codigo_tipo_obligacion, codigo_estado_obligacion) VALUES (32, 11001, '11001000000000000088', '2015-12-02', '2015-12-02', '2015-12-03', '2015-12-03', 286, 1, 2);
INSERT INTO cartera(id_cartera, origen, nombre, fecha_creacion, fecha_inicio, fecha_registro, fecha_actualizacion, id_deudor, codigo_tipo_obligacion, codigo_estado_obligacion) VALUES (33, 11001, '11001000000000000090', '2015-12-03', '2015-12-03', '2015-12-03', '2015-12-03', 286, 1, 2);
INSERT INTO cartera(id_cartera, origen, nombre, fecha_creacion, fecha_inicio, fecha_registro, fecha_actualizacion, id_deudor, codigo_tipo_obligacion, codigo_estado_obligacion) VALUES (47, 11001, '11001000000000000257', '2015-12-15', '2016-01-18', '2015-12-15', '2016-01-18', -102, 1, 2);
INSERT INTO cartera(id_cartera, origen, nombre, fecha_creacion, fecha_inicio, fecha_registro, fecha_actualizacion, id_deudor, codigo_tipo_obligacion, codigo_estado_obligacion) VALUES (48, 11001, '11001000000000000258', '2015-12-15', '2016-01-18', '2015-12-15', '2016-01-18', -102, 1, 2);
INSERT INTO cartera(id_cartera, origen, nombre, fecha_creacion, fecha_inicio, fecha_registro, fecha_actualizacion, id_deudor, codigo_tipo_obligacion, codigo_estado_obligacion) VALUES (49, 11001, '11001000000000000259', '2015-12-15', '2016-01-19', '2015-12-15', '2016-01-19', -102, 1, 2);
INSERT INTO cartera(id_cartera, origen, nombre, fecha_creacion, fecha_inicio, fecha_registro, fecha_actualizacion, id_deudor, codigo_tipo_obligacion, codigo_estado_obligacion) VALUES (50, 11001, '11001000000000000260', '2015-12-15', '2016-01-22', '2015-12-15', '2016-01-22', -102, 1, 2);
INSERT INTO cartera(id_cartera, origen, nombre, fecha_creacion, fecha_inicio, fecha_registro, fecha_actualizacion, id_deudor, codigo_tipo_obligacion, codigo_estado_obligacion) VALUES (51, 11001, '11001000000000000261', '2015-12-15', '2016-01-22', '2015-12-15', '2016-01-22', -102, 1, 2);
INSERT INTO cartera(id_cartera, origen, nombre, fecha_creacion, fecha_inicio, fecha_registro, fecha_actualizacion, id_deudor, codigo_tipo_obligacion, codigo_estado_obligacion) VALUES (52, 11001, '11001000000000000300', '2015-12-16', '2015-12-22', '2015-12-16', '2015-12-22', -102, 1, 1);
INSERT INTO cartera(id_cartera, origen, nombre, fecha_creacion, fecha_inicio, fecha_registro, fecha_actualizacion, id_deudor, codigo_tipo_obligacion, codigo_estado_obligacion) VALUES (53, 11001, '11001000000000012200', '2015-12-22', '2015-12-29', '2015-12-22', '2015-12-29', 286, 1, 2);
INSERT INTO cartera(id_cartera, origen, nombre, fecha_creacion, fecha_inicio, fecha_registro, fecha_actualizacion, id_deudor, codigo_tipo_obligacion, codigo_estado_obligacion) VALUES (54, 11001, '11001000000000000450', '2015-12-23', '2015-12-23', '2015-12-23', '2015-12-23', 286, 1, 2);
INSERT INTO cartera(id_cartera, origen, nombre, fecha_creacion, fecha_inicio, fecha_registro, fecha_actualizacion, id_deudor, codigo_tipo_obligacion, codigo_estado_obligacion) VALUES (55, 11001, '11001000000000000451', '2015-12-23', '2015-12-23', '2015-12-23', '2015-12-23', -102, 1, 2);
INSERT INTO cartera(id_cartera, origen, nombre, fecha_creacion, fecha_inicio, fecha_registro, fecha_actualizacion, id_deudor, codigo_tipo_obligacion, codigo_estado_obligacion) VALUES (56, 11001, '11001000000000000555', '2015-12-29', '2015-12-29', '2015-12-29', '2015-12-29', -102, 1, 2);
INSERT INTO cartera(id_cartera, origen, nombre, fecha_creacion, fecha_inicio, fecha_registro, fecha_actualizacion, id_deudor, codigo_tipo_obligacion, codigo_estado_obligacion) VALUES (57, 11001, '11001000000000000777', '2015-12-29', '2015-12-29', '2015-12-30', '2015-12-30', -102, 1, 2);
INSERT INTO cartera(id_cartera, origen, nombre, fecha_creacion, fecha_inicio, fecha_registro, fecha_actualizacion, id_deudor, codigo_tipo_obligacion, codigo_estado_obligacion) VALUES (58, 11001, '11001000000000000444', '2015-12-22', '2015-12-22', '2015-12-30', '2015-12-30', -102, 1, 2);
INSERT INTO cartera(id_cartera, origen, nombre, fecha_creacion, fecha_inicio, fecha_registro, fecha_actualizacion, id_deudor, codigo_tipo_obligacion, codigo_estado_obligacion) VALUES (59, 11001, '11001000000000000650', '2016-01-04', '2016-01-04', '2016-01-04', '2016-01-04', -102, 1, 2);
INSERT INTO cartera(id_cartera, origen, nombre, fecha_creacion, fecha_inicio, fecha_registro, fecha_actualizacion, id_deudor, codigo_tipo_obligacion, codigo_estado_obligacion) VALUES (60, 11001, '11001000000000012250', '2016-01-08', '2016-01-08', '2016-01-08', '2016-01-08', -102, 1, 2);
INSERT INTO cartera(id_cartera, origen, nombre, fecha_creacion, fecha_inicio, fecha_registro, fecha_actualizacion, id_deudor, codigo_tipo_obligacion, codigo_estado_obligacion) VALUES (61, 11001, '11001000000000012251', '2016-01-08', '2016-01-08', '2016-01-08', '2016-01-08', -102, 1, 2);
INSERT INTO cartera(id_cartera, origen, nombre, fecha_creacion, fecha_inicio, fecha_registro, fecha_actualizacion, id_deudor, codigo_tipo_obligacion, codigo_estado_obligacion) VALUES (62, 11001, '11001000000000012252', '2016-01-08', '2016-01-08', '2016-01-08', '2016-01-08', -102, 1, 2);
INSERT INTO cartera(id_cartera, origen, nombre, fecha_creacion, fecha_inicio, fecha_registro, fecha_actualizacion, id_deudor, codigo_tipo_obligacion, codigo_estado_obligacion) VALUES (63, 11001, '11001000000000012253', '2016-01-08', '2016-01-08', '2016-01-08', '2016-01-08', -102, 1, 2);
INSERT INTO cartera(id_cartera, origen, nombre, fecha_creacion, fecha_inicio, fecha_registro, fecha_actualizacion, id_deudor, codigo_tipo_obligacion, codigo_estado_obligacion) VALUES (64, 11001, '11001000000000012254', '2016-01-08', '2016-01-08', '2016-01-08', '2016-01-08', -102, 1, 2);
INSERT INTO cartera(id_cartera, origen, nombre, fecha_creacion, fecha_inicio, fecha_registro, fecha_actualizacion, id_deudor, codigo_tipo_obligacion, codigo_estado_obligacion) VALUES (65, 11001, '11001000000000012255', '2016-01-08', '2016-01-08', '2016-01-08', '2016-01-08', -102, 1, 2);
INSERT INTO cartera(id_cartera, origen, nombre, fecha_creacion, fecha_inicio, fecha_registro, fecha_actualizacion, id_deudor, codigo_tipo_obligacion, codigo_estado_obligacion) VALUES (66, 11001, '11001000000000000658', '2016-01-19', '2016-01-19', '2016-01-19', '2016-01-19', -102, 1, 2);

-- 
--  comparendo_cartera
-- 
INSERT INTO comparendo_cartera(id_comparendo_cartera, cicomparendo, id_cartera) VALUES (11, 68, 23);
INSERT INTO comparendo_cartera(id_comparendo_cartera, cicomparendo, id_cartera) VALUES (12, 69, 24);
INSERT INTO comparendo_cartera(id_comparendo_cartera, cicomparendo, id_cartera) VALUES (13, 70, 25);
INSERT INTO comparendo_cartera(id_comparendo_cartera, cicomparendo, id_cartera) VALUES (14, 76, 26);
INSERT INTO comparendo_cartera(id_comparendo_cartera, cicomparendo, id_cartera) VALUES (15, 77, 27);
INSERT INTO comparendo_cartera(id_comparendo_cartera, cicomparendo, id_cartera) VALUES (16, 78, 28);
INSERT INTO comparendo_cartera(id_comparendo_cartera, cicomparendo, id_cartera) VALUES (17, 79, 29);
INSERT INTO comparendo_cartera(id_comparendo_cartera, cicomparendo, id_cartera) VALUES (18, 80, 30);
INSERT INTO comparendo_cartera(id_comparendo_cartera, cicomparendo, id_cartera) VALUES (19, 102, 32);
INSERT INTO comparendo_cartera(id_comparendo_cartera, cicomparendo, id_cartera) VALUES (20, 103, 33);
INSERT INTO comparendo_cartera(id_comparendo_cartera, cicomparendo, id_cartera) VALUES (34, 104, 47);
INSERT INTO comparendo_cartera(id_comparendo_cartera, cicomparendo, id_cartera) VALUES (35, 105, 48);
INSERT INTO comparendo_cartera(id_comparendo_cartera, cicomparendo, id_cartera) VALUES (36, 106, 49);
INSERT INTO comparendo_cartera(id_comparendo_cartera, cicomparendo, id_cartera) VALUES (37, 107, 50);
INSERT INTO comparendo_cartera(id_comparendo_cartera, cicomparendo, id_cartera) VALUES (38, 108, 51);
INSERT INTO comparendo_cartera(id_comparendo_cartera, cicomparendo, id_cartera) VALUES (39, 109, 52);
INSERT INTO comparendo_cartera(id_comparendo_cartera, cicomparendo, id_cartera) VALUES (40, 110, 53);
INSERT INTO comparendo_cartera(id_comparendo_cartera, cicomparendo, id_cartera) VALUES (41, 111, 54);
INSERT INTO comparendo_cartera(id_comparendo_cartera, cicomparendo, id_cartera) VALUES (42, 113, 55);
INSERT INTO comparendo_cartera(id_comparendo_cartera, cicomparendo, id_cartera) VALUES (43, 121, 56);
INSERT INTO comparendo_cartera(id_comparendo_cartera, cicomparendo, id_cartera) VALUES (44, 122, 57);
INSERT INTO comparendo_cartera(id_comparendo_cartera, cicomparendo, id_cartera) VALUES (45, 123, 58);
INSERT INTO comparendo_cartera(id_comparendo_cartera, cicomparendo, id_cartera) VALUES (46, 124, 59);
INSERT INTO comparendo_cartera(id_comparendo_cartera, cicomparendo, id_cartera) VALUES (47, 125, 60);
INSERT INTO comparendo_cartera(id_comparendo_cartera, cicomparendo, id_cartera) VALUES (48, 127, 61);
INSERT INTO comparendo_cartera(id_comparendo_cartera, cicomparendo, id_cartera) VALUES (49, 128, 62);
INSERT INTO comparendo_cartera(id_comparendo_cartera, cicomparendo, id_cartera) VALUES (50, 129, 63);
INSERT INTO comparendo_cartera(id_comparendo_cartera, cicomparendo, id_cartera) VALUES (51, 130, 64);
INSERT INTO comparendo_cartera(id_comparendo_cartera, cicomparendo, id_cartera) VALUES (52, 131, 65);
INSERT INTO comparendo_cartera(id_comparendo_cartera, cicomparendo, id_cartera) VALUES (53, 132, 66);

-- 
-- saldo_cartera
--
INSERT INTO saldo_cartera(id_saldo_cartera, id_cartera, saldo, fecha_registro, fecha_calculo, id_tipo_saldo) VALUES (27, 23, 0.00, '2015-11-06', '2015-11-06', 1);
INSERT INTO saldo_cartera(id_saldo_cartera, id_cartera, saldo, fecha_registro, fecha_calculo, id_tipo_saldo) VALUES (28, 23, 0.00, '2015-11-06', '2015-11-06', 2);
INSERT INTO saldo_cartera(id_saldo_cartera, id_cartera, saldo, fecha_registro, fecha_calculo, id_tipo_saldo) VALUES (29, 24, 0.00, '2015-11-09', '2015-11-09', 1);
INSERT INTO saldo_cartera(id_saldo_cartera, id_cartera, saldo, fecha_registro, fecha_calculo, id_tipo_saldo) VALUES (30, 24, 0.00, '2015-11-09', '2015-11-09', 2);
INSERT INTO saldo_cartera(id_saldo_cartera, id_cartera, saldo, fecha_registro, fecha_calculo, id_tipo_saldo) VALUES (31, 25, 0.00, '2015-11-12', '2015-11-12', 1);
INSERT INTO saldo_cartera(id_saldo_cartera, id_cartera, saldo, fecha_registro, fecha_calculo, id_tipo_saldo) VALUES (32, 25, 0.00, '2015-11-12', '2015-11-12', 2);
INSERT INTO saldo_cartera(id_saldo_cartera, id_cartera, saldo, fecha_registro, fecha_calculo, id_tipo_saldo) VALUES (33, 26, 0.00, '2015-11-13', '2015-11-13', 1);
INSERT INTO saldo_cartera(id_saldo_cartera, id_cartera, saldo, fecha_registro, fecha_calculo, id_tipo_saldo) VALUES (34, 26, 0.00, '2015-11-13', '2015-11-13', 2);
INSERT INTO saldo_cartera(id_saldo_cartera, id_cartera, saldo, fecha_registro, fecha_calculo, id_tipo_saldo) VALUES (35, 27, 0.00, '2015-11-13', '2015-11-13', 1);
INSERT INTO saldo_cartera(id_saldo_cartera, id_cartera, saldo, fecha_registro, fecha_calculo, id_tipo_saldo) VALUES (36, 27, 0.00, '2015-11-13', '2015-11-13', 2);
INSERT INTO saldo_cartera(id_saldo_cartera, id_cartera, saldo, fecha_registro, fecha_calculo, id_tipo_saldo) VALUES (37, 28, 0.00, '2015-11-13', '2015-11-13', 1);
INSERT INTO saldo_cartera(id_saldo_cartera, id_cartera, saldo, fecha_registro, fecha_calculo, id_tipo_saldo) VALUES (38, 28, 0.00, '2015-11-13', '2015-11-13', 2);
INSERT INTO saldo_cartera(id_saldo_cartera, id_cartera, saldo, fecha_registro, fecha_calculo, id_tipo_saldo) VALUES (39, 29, 0.00, '2015-11-13', '2015-11-13', 1);
INSERT INTO saldo_cartera(id_saldo_cartera, id_cartera, saldo, fecha_registro, fecha_calculo, id_tipo_saldo) VALUES (40, 29, 0.00, '2015-11-13', '2015-11-13', 2);
INSERT INTO saldo_cartera(id_saldo_cartera, id_cartera, saldo, fecha_registro, fecha_calculo, id_tipo_saldo) VALUES (41, 30, 0.00, '2015-11-13', '2015-11-13', 1);
INSERT INTO saldo_cartera(id_saldo_cartera, id_cartera, saldo, fecha_registro, fecha_calculo, id_tipo_saldo) VALUES (42, 30, 0.00, '2015-11-13', '2015-11-13', 2);
INSERT INTO saldo_cartera(id_saldo_cartera, id_cartera, saldo, fecha_registro, fecha_calculo, id_tipo_saldo) VALUES (43, 32, 85900.00, '2015-12-03', '2015-12-03', 1);
INSERT INTO saldo_cartera(id_saldo_cartera, id_cartera, saldo, fecha_registro, fecha_calculo, id_tipo_saldo) VALUES (44, 32, 0.00, '2015-12-03', '2015-12-03', 2);
INSERT INTO saldo_cartera(id_saldo_cartera, id_cartera, saldo, fecha_registro, fecha_calculo, id_tipo_saldo) VALUES (45, 33, 85900.00, '2015-12-03', '2015-12-03', 1);
INSERT INTO saldo_cartera(id_saldo_cartera, id_cartera, saldo, fecha_registro, fecha_calculo, id_tipo_saldo) VALUES (46, 33, 0.00, '2015-12-03', '2015-12-03', 2);
INSERT INTO saldo_cartera(id_saldo_cartera, id_cartera, saldo, fecha_registro, fecha_calculo, id_tipo_saldo) VALUES (73, 47, 85900.00, '2015-12-15', '2015-12-15', 1);
INSERT INTO saldo_cartera(id_saldo_cartera, id_cartera, saldo, fecha_registro, fecha_calculo, id_tipo_saldo) VALUES (74, 47, 0.00, '2015-12-15', '2015-12-15', 2);
INSERT INTO saldo_cartera(id_saldo_cartera, id_cartera, saldo, fecha_registro, fecha_calculo, id_tipo_saldo) VALUES (75, 48, 85900.00, '2015-12-15', '2015-12-15', 1);
INSERT INTO saldo_cartera(id_saldo_cartera, id_cartera, saldo, fecha_registro, fecha_calculo, id_tipo_saldo) VALUES (76, 48, 0.00, '2015-12-15', '2015-12-15', 2);
INSERT INTO saldo_cartera(id_saldo_cartera, id_cartera, saldo, fecha_registro, fecha_calculo, id_tipo_saldo) VALUES (77, 49, 85900.00, '2015-12-15', '2015-12-15', 1);
INSERT INTO saldo_cartera(id_saldo_cartera, id_cartera, saldo, fecha_registro, fecha_calculo, id_tipo_saldo) VALUES (78, 49, 0.00, '2015-12-15', '2015-12-15', 2);
INSERT INTO saldo_cartera(id_saldo_cartera, id_cartera, saldo, fecha_registro, fecha_calculo, id_tipo_saldo) VALUES (79, 50, 85900.00, '2015-12-15', '2015-12-15', 1);
INSERT INTO saldo_cartera(id_saldo_cartera, id_cartera, saldo, fecha_registro, fecha_calculo, id_tipo_saldo) VALUES (80, 50, 0.00, '2015-12-15', '2015-12-15', 2);
INSERT INTO saldo_cartera(id_saldo_cartera, id_cartera, saldo, fecha_registro, fecha_calculo, id_tipo_saldo) VALUES (81, 51, 85900.00, '2015-12-15', '2015-12-15', 1);
INSERT INTO saldo_cartera(id_saldo_cartera, id_cartera, saldo, fecha_registro, fecha_calculo, id_tipo_saldo) VALUES (82, 51, 0.00, '2015-12-15', '2015-12-15', 2);
INSERT INTO saldo_cartera(id_saldo_cartera, id_cartera, saldo, fecha_registro, fecha_calculo, id_tipo_saldo) VALUES (83, 52, 85900.00, '2015-12-16', '2015-12-16', 1);
INSERT INTO saldo_cartera(id_saldo_cartera, id_cartera, saldo, fecha_registro, fecha_calculo, id_tipo_saldo) VALUES (84, 52, 0.00, '2015-12-16', '2015-12-16', 2);
INSERT INTO saldo_cartera(id_saldo_cartera, id_cartera, saldo, fecha_registro, fecha_calculo, id_tipo_saldo) VALUES (85, 53, 322200.00, '2015-12-22', '2015-12-22', 1);
INSERT INTO saldo_cartera(id_saldo_cartera, id_cartera, saldo, fecha_registro, fecha_calculo, id_tipo_saldo) VALUES (86, 53, 0.00, '2015-12-22', '2015-12-22', 2);
INSERT INTO saldo_cartera(id_saldo_cartera, id_cartera, saldo, fecha_registro, fecha_calculo, id_tipo_saldo) VALUES (87, 54, 85900.00, '2015-12-23', '2015-12-23', 1);
INSERT INTO saldo_cartera(id_saldo_cartera, id_cartera, saldo, fecha_registro, fecha_calculo, id_tipo_saldo) VALUES (88, 54, 0.00, '2015-12-23', '2015-12-23', 2);
INSERT INTO saldo_cartera(id_saldo_cartera, id_cartera, saldo, fecha_registro, fecha_calculo, id_tipo_saldo) VALUES (89, 55, 85900.00, '2015-12-23', '2015-12-23', 1);
INSERT INTO saldo_cartera(id_saldo_cartera, id_cartera, saldo, fecha_registro, fecha_calculo, id_tipo_saldo) VALUES (90, 55, 0.00, '2015-12-23', '2015-12-23', 2);
INSERT INTO saldo_cartera(id_saldo_cartera, id_cartera, saldo, fecha_registro, fecha_calculo, id_tipo_saldo) VALUES (91, 56, 85900.00, '2015-12-29', '2015-12-29', 1);
INSERT INTO saldo_cartera(id_saldo_cartera, id_cartera, saldo, fecha_registro, fecha_calculo, id_tipo_saldo) VALUES (92, 56, 0.00, '2015-12-29', '2015-12-29', 2);
INSERT INTO saldo_cartera(id_saldo_cartera, id_cartera, saldo, fecha_registro, fecha_calculo, id_tipo_saldo) VALUES (93, 57, 5799200.00, '2015-12-30', '2015-12-30', 1);
INSERT INTO saldo_cartera(id_saldo_cartera, id_cartera, saldo, fecha_registro, fecha_calculo, id_tipo_saldo) VALUES (94, 57, 0.00, '2015-12-30', '2015-12-30', 2);
INSERT INTO saldo_cartera(id_saldo_cartera, id_cartera, saldo, fecha_registro, fecha_calculo, id_tipo_saldo) VALUES (95, 58, 5799200.00, '2015-12-30', '2015-12-30', 1);
INSERT INTO saldo_cartera(id_saldo_cartera, id_cartera, saldo, fecha_registro, fecha_calculo, id_tipo_saldo) VALUES (96, 58, 0.00, '2015-12-30', '2015-12-30', 2);
INSERT INTO saldo_cartera(id_saldo_cartera, id_cartera, saldo, fecha_registro, fecha_calculo, id_tipo_saldo) VALUES (97, 59, 3866200.00, '2016-01-04', '2016-01-04', 1);
INSERT INTO saldo_cartera(id_saldo_cartera, id_cartera, saldo, fecha_registro, fecha_calculo, id_tipo_saldo) VALUES (98, 59, 0.00, '2016-01-04', '2016-01-04', 2);
INSERT INTO saldo_cartera(id_saldo_cartera, id_cartera, saldo, fecha_registro, fecha_calculo, id_tipo_saldo) VALUES (99, 60, 91900.00, '2016-01-08', '2016-01-08', 1);
INSERT INTO saldo_cartera(id_saldo_cartera, id_cartera, saldo, fecha_registro, fecha_calculo, id_tipo_saldo) VALUES (100, 60, 0.00, '2016-01-08', '2016-01-08', 2);
INSERT INTO saldo_cartera(id_saldo_cartera, id_cartera, saldo, fecha_registro, fecha_calculo, id_tipo_saldo) VALUES (101, 61, 91900.00, '2016-01-08', '2016-01-08', 1);
INSERT INTO saldo_cartera(id_saldo_cartera, id_cartera, saldo, fecha_registro, fecha_calculo, id_tipo_saldo) VALUES (102, 61, 0.00, '2016-01-08', '2016-01-08', 2);
INSERT INTO saldo_cartera(id_saldo_cartera, id_cartera, saldo, fecha_registro, fecha_calculo, id_tipo_saldo) VALUES (103, 62, 91900.00, '2016-01-08', '2016-01-08', 1);
INSERT INTO saldo_cartera(id_saldo_cartera, id_cartera, saldo, fecha_registro, fecha_calculo, id_tipo_saldo) VALUES (104, 62, 0.00, '2016-01-08', '2016-01-08', 2);
INSERT INTO saldo_cartera(id_saldo_cartera, id_cartera, saldo, fecha_registro, fecha_calculo, id_tipo_saldo) VALUES (105, 63, 91900.00, '2016-01-08', '2016-01-08', 1);
INSERT INTO saldo_cartera(id_saldo_cartera, id_cartera, saldo, fecha_registro, fecha_calculo, id_tipo_saldo) VALUES (106, 63, 0.00, '2016-01-08', '2016-01-08', 2);
INSERT INTO saldo_cartera(id_saldo_cartera, id_cartera, saldo, fecha_registro, fecha_calculo, id_tipo_saldo) VALUES (107, 64, 91900.00, '2016-01-08', '2016-01-08', 1);
INSERT INTO saldo_cartera(id_saldo_cartera, id_cartera, saldo, fecha_registro, fecha_calculo, id_tipo_saldo) VALUES (108, 64, 0.00, '2016-01-08', '2016-01-08', 2);
INSERT INTO saldo_cartera(id_saldo_cartera, id_cartera, saldo, fecha_registro, fecha_calculo, id_tipo_saldo) VALUES (109, 65, 91900.00, '2016-01-08', '2016-01-08', 1);
INSERT INTO saldo_cartera(id_saldo_cartera, id_cartera, saldo, fecha_registro, fecha_calculo, id_tipo_saldo) VALUES (110, 65, 0.00, '2016-01-08', '2016-01-08', 2);
INSERT INTO saldo_cartera(id_saldo_cartera, id_cartera, saldo, fecha_registro, fecha_calculo, id_tipo_saldo) VALUES (111, 66, 91900.00, '2016-01-19', '2016-01-19', 1);
INSERT INTO saldo_cartera(id_saldo_cartera, id_cartera, saldo, fecha_registro, fecha_calculo, id_tipo_saldo) VALUES (112, 66, 0.00, '2016-01-19', '2016-01-19', 2);

-- 
-- resolucion
--
INSERT INTO resolucion(id_resolucion, codigo_organismo, ano_resolucion, numero_resolucion, fecha_resolucion, id_tipo_resolucion, id_estado_resolucion, id_documento, resolucion_exitosa, id_resolucion_anterior) VALUES (1, 11001, 2016, '-1', '2016-01-29 12:41:28', 1, 1, NULL, 1, NULL);
INSERT INTO resolucion(id_resolucion, codigo_organismo, ano_resolucion, numero_resolucion, fecha_resolucion, id_tipo_resolucion, id_estado_resolucion, id_documento, resolucion_exitosa, id_resolucion_anterior) VALUES (2, 11001, 2016, '-2', '2016-01-13 12:45:49', 1, 2, NULL, 1, NULL);

-- 
-- comparendo_resolucion
--
INSERT INTO comparendo_resolucion(id_comparendo_resolucion, id_resolucion, cicomparendo) VALUES (1, 1, 122);
INSERT INTO comparendo_resolucion(id_comparendo_resolucion, id_resolucion, cicomparendo) VALUES (2, 2, 121);