--------------------------------------------------------
-- Archivo creado  - viernes-marzo-06-2015   
--------------------------------------------------------
--------------------------------------------------------
--------------------------------------------------------
--  DDL for Table AE_APLICACION
--------------------------------------------------------

  CREATE TABLE "USERS"."AE_APLICACION" 
   (	"ID" NUMBER, 
	"NOMBRE" VARCHAR2(50 BYTE), 
	"PROPOSITO" VARCHAR2(1000 BYTE), 
	"SPONSORS" VARCHAR2(150 BYTE), 
	"USUARIOS" VARCHAR2(150 BYTE), 
	"TECNOLOGIAS" VARCHAR2(500 BYTE), 
	"ID_ESTILO_ARQUITECTURA" NUMBER, 
	"SIGLA" VARCHAR2(5 BYTE), 
	"LOGO" VARCHAR2(20 BYTE)
   ) SEGMENT CREATION IMMEDIATE 
  PCTFREE 10 PCTUSED 40 INITRANS 1 MAXTRANS 255 NOCOMPRESS LOGGING
  STORAGE(INITIAL 65536 NEXT 1048576 MINEXTENTS 1 MAXEXTENTS 2147483645
  PCTINCREASE 0 FREELISTS 1 FREELIST GROUPS 1 BUFFER_POOL DEFAULT FLASH_CACHE DEFAULT CELL_FLASH_CACHE DEFAULT)
  TABLESPACE "SYSTEM" ;
--------------------------------------------------------
--  DDL for Table AE_BEAN
--------------------------------------------------------

  CREATE TABLE "USERS"."AE_BEAN" 
   (	"ID" NUMBER, 
	"NOMBRE" VARCHAR2(50 BYTE), 
	"ID_COMPONENTE" NUMBER
   ) SEGMENT CREATION IMMEDIATE 
  PCTFREE 10 PCTUSED 40 INITRANS 1 MAXTRANS 255 NOCOMPRESS LOGGING
  STORAGE(INITIAL 65536 NEXT 1048576 MINEXTENTS 1 MAXEXTENTS 2147483645
  PCTINCREASE 0 FREELISTS 1 FREELIST GROUPS 1 BUFFER_POOL DEFAULT FLASH_CACHE DEFAULT CELL_FLASH_CACHE DEFAULT)
  TABLESPACE "SYSTEM" ;
--------------------------------------------------------
--  DDL for Table AE_CLASE_COMPONENTE
--------------------------------------------------------

  CREATE TABLE "USERS"."AE_CLASE_COMPONENTE" 
   (	"ID" NUMBER, 
	"NOMBRE" VARCHAR2(20 BYTE), 
	"DESCRIPCION" VARCHAR2(100 BYTE)
   ) SEGMENT CREATION IMMEDIATE 
  PCTFREE 10 PCTUSED 40 INITRANS 1 MAXTRANS 255 NOCOMPRESS LOGGING
  STORAGE(INITIAL 65536 NEXT 1048576 MINEXTENTS 1 MAXEXTENTS 2147483645
  PCTINCREASE 0 FREELISTS 1 FREELIST GROUPS 1 BUFFER_POOL DEFAULT FLASH_CACHE DEFAULT CELL_FLASH_CACHE DEFAULT)
  TABLESPACE "SYSTEM" ;
--------------------------------------------------------
--  DDL for Table AE_COMPONENTE
--------------------------------------------------------

  CREATE TABLE "USERS"."AE_COMPONENTE" 
   (	"ID" NUMBER, 
	"NOMBRE" VARCHAR2(50 BYTE), 
	"DESCRIPCION" VARCHAR2(150 BYTE), 
	"SIGLA" VARCHAR2(5 BYTE), 
	"ID_CLASE_COMPONENTE" NUMBER, 
	"ID_TIPO_PACKAGING" NUMBER, 
	"ID_LINEA_BASE" NUMBER, 
	"ID_PADRE" NUMBER, 
	"ID_PREFIJO_SERVIDOR" NUMBER, 
	"MODULO" NUMBER(*,0), 
	"ID_APLICACION" NUMBER
   ) SEGMENT CREATION IMMEDIATE 
  PCTFREE 10 PCTUSED 40 INITRANS 1 MAXTRANS 255 NOCOMPRESS LOGGING
  STORAGE(INITIAL 65536 NEXT 1048576 MINEXTENTS 1 MAXEXTENTS 2147483645
  PCTINCREASE 0 FREELISTS 1 FREELIST GROUPS 1 BUFFER_POOL DEFAULT FLASH_CACHE DEFAULT CELL_FLASH_CACHE DEFAULT)
  TABLESPACE "SYSTEM" ;

   COMMENT ON COLUMN "USERS"."AE_COMPONENTE"."NOMBRE" IS 'Nombre unico del componente';
   COMMENT ON COLUMN "USERS"."AE_COMPONENTE"."SIGLA" IS 'abreviatura que distingue el componente respecto a los otros';
   COMMENT ON COLUMN "USERS"."AE_COMPONENTE"."ID_CLASE_COMPONENTE" IS 'Define la naturaleza del componente';
   COMMENT ON COLUMN "USERS"."AE_COMPONENTE"."ID_TIPO_PACKAGING" IS 'Define el tipo de empaquetado del componente';
   COMMENT ON COLUMN "USERS"."AE_COMPONENTE"."ID_LINEA_BASE" IS 'Asocia el componente con el numero de versión o linea base obtenido del proceso de construcción ';
   COMMENT ON COLUMN "USERS"."AE_COMPONENTE"."ID_PADRE" IS 'Define la estructura jerarquica de un componente usado para armar el nombre JNDI';
   COMMENT ON COLUMN "USERS"."AE_COMPONENTE"."ID_PREFIJO_SERVIDOR" IS 'Especificacion o estandar del servidor de aplicaciones para realizar la comunicacion remota';
   COMMENT ON COLUMN "USERS"."AE_COMPONENTE"."MODULO" IS 'Este campo es usado para determinar si es modulo padre o no';
   COMMENT ON COLUMN "USERS"."AE_COMPONENTE"."ID_APLICACION" IS 'Asocia los Componentes defiinidos con la aplicación';
--------------------------------------------------------
--  DDL for Table AE_ESTILO_ARQUITECTURA
--------------------------------------------------------

  CREATE TABLE "USERS"."AE_ESTILO_ARQUITECTURA" 
   (	"ID" NUMBER, 
	"NOMBRE" VARCHAR2(50 BYTE), 
	"DESCRIPCION" VARCHAR2(250 BYTE)
   ) SEGMENT CREATION IMMEDIATE 
  PCTFREE 10 PCTUSED 40 INITRANS 1 MAXTRANS 255 NOCOMPRESS LOGGING
  STORAGE(INITIAL 65536 NEXT 1048576 MINEXTENTS 1 MAXEXTENTS 2147483645
  PCTINCREASE 0 FREELISTS 1 FREELIST GROUPS 1 BUFFER_POOL DEFAULT FLASH_CACHE DEFAULT CELL_FLASH_CACHE DEFAULT)
  TABLESPACE "SYSTEM" ;
--------------------------------------------------------
--  DDL for Table AE_HISTORICO_COMPONENTE_LB
--------------------------------------------------------

  CREATE TABLE "USERS"."AE_HISTORICO_COMPONENTE_LB" 
   (	"ID" NUMBER, 
	"NOMBRE" VARCHAR2(50 BYTE), 
	"DESCRIPCION" VARCHAR2(100 BYTE), 
	"ID_COMPONENTE" NUMBER, 
	"SIGLA" VARCHAR2(5 BYTE), 
	"ID_CLASE_COMPONENTE" NUMBER, 
	"ID_TIPO_PACKAGING" NUMBER, 
	"ID_LINEA_BASE" NUMBER, 
	"ID_PADRE" NUMBER, 
	"ID_PREFIJO_SERVIDOR" NUMBER, 
	"MODULO" VARCHAR2(20 BYTE), 
	"ID_APLICACION" NUMBER, 
	"FECHA_MODIFICA_LINEA_BASE" DATE, 
	"DESCRIPCION_CAMBIO" VARCHAR2(100 BYTE), 
	"USUARIO_CAMBIO" VARCHAR2(50 BYTE)
   ) SEGMENT CREATION IMMEDIATE 
  PCTFREE 10 PCTUSED 40 INITRANS 1 MAXTRANS 255 NOCOMPRESS LOGGING
  STORAGE(INITIAL 65536 NEXT 1048576 MINEXTENTS 1 MAXEXTENTS 2147483645
  PCTINCREASE 0 FREELISTS 1 FREELIST GROUPS 1 BUFFER_POOL DEFAULT FLASH_CACHE DEFAULT CELL_FLASH_CACHE DEFAULT)
  TABLESPACE "SYSTEM" ;
--------------------------------------------------------
--  DDL for Table AE_LINEA_BASE
--------------------------------------------------------

  CREATE TABLE "USERS"."AE_LINEA_BASE" 
   (	"ID" NUMBER, 
	"DESCRIPCION" VARCHAR2(50 BYTE), 
	"VERSION" VARCHAR2(50 BYTE), 
	"FECHA_GENERACION" DATE
   ) SEGMENT CREATION IMMEDIATE 
  PCTFREE 10 PCTUSED 40 INITRANS 1 MAXTRANS 255 NOCOMPRESS LOGGING
  STORAGE(INITIAL 65536 NEXT 1048576 MINEXTENTS 1 MAXEXTENTS 2147483645
  PCTINCREASE 0 FREELISTS 1 FREELIST GROUPS 1 BUFFER_POOL DEFAULT FLASH_CACHE DEFAULT CELL_FLASH_CACHE DEFAULT)
  TABLESPACE "SYSTEM" ;
--------------------------------------------------------
--  DDL for Table AE_PREFIJO_SERVIDOR
--------------------------------------------------------

  CREATE TABLE "USERS"."AE_PREFIJO_SERVIDOR" 
   (	"ID" NUMBER, 
	"NOMBRE" VARCHAR2(100 BYTE), 
	"DESCRIPCION" VARCHAR2(100 BYTE)
   ) SEGMENT CREATION IMMEDIATE 
  PCTFREE 10 PCTUSED 40 INITRANS 1 MAXTRANS 255 NOCOMPRESS LOGGING
  STORAGE(INITIAL 65536 NEXT 1048576 MINEXTENTS 1 MAXEXTENTS 2147483645
  PCTINCREASE 0 FREELISTS 1 FREELIST GROUPS 1 BUFFER_POOL DEFAULT FLASH_CACHE DEFAULT CELL_FLASH_CACHE DEFAULT)
  TABLESPACE "SYSTEM" ;
--------------------------------------------------------
--  DDL for Table AE_SERVICIO
--------------------------------------------------------

  CREATE TABLE "USERS"."AE_SERVICIO" 
   (	"ID" NUMBER, 
	"NOMBRE_SERVICIO" VARCHAR2(100 BYTE), 
	"DISTINCT_NAME" VARCHAR2(100 BYTE), 
	"NOMBRE_CLASE_INTERFACE_REMOTA" VARCHAR2(100 BYTE), 
	"ID_SERVICIO_BEAN" NUMBER
   ) SEGMENT CREATION IMMEDIATE 
  PCTFREE 10 PCTUSED 40 INITRANS 1 MAXTRANS 255 NOCOMPRESS LOGGING
  STORAGE(INITIAL 65536 NEXT 1048576 MINEXTENTS 1 MAXEXTENTS 2147483645
  PCTINCREASE 0 FREELISTS 1 FREELIST GROUPS 1 BUFFER_POOL DEFAULT FLASH_CACHE DEFAULT CELL_FLASH_CACHE DEFAULT)
  TABLESPACE "SYSTEM" ;
--------------------------------------------------------
--  DDL for Table AE_TIPO_PACKAGING
--------------------------------------------------------

  CREATE TABLE "USERS"."AE_TIPO_PACKAGING" 
   (	"ID" NUMBER, 
	"NOMBRE" VARCHAR2(20 BYTE), 
	"DESCRIPCION" VARCHAR2(100 BYTE)
   ) SEGMENT CREATION IMMEDIATE 
  PCTFREE 10 PCTUSED 40 INITRANS 1 MAXTRANS 255 NOCOMPRESS LOGGING
  STORAGE(INITIAL 65536 NEXT 1048576 MINEXTENTS 1 MAXEXTENTS 2147483645
  PCTINCREASE 0 FREELISTS 1 FREELIST GROUPS 1 BUFFER_POOL DEFAULT FLASH_CACHE DEFAULT CELL_FLASH_CACHE DEFAULT)
  TABLESPACE "SYSTEM" ;
REM INSERTING into USERS.AE_APLICACION
SET DEFINE OFF;
Insert into USERS.AE_APLICACION (ID,NOMBRE,PROPOSITO,SPONSORS,USUARIOS,TECNOLOGIAS,ID_ESTILO_ARQUITECTURA,SIGLA,LOGO) values ('1','Circulemos 2.0','El proyecto tiene como objetivo realizar la actualización tecnológica del producto Circulemos 1.0, de tal manera que sea parametrizable para cualquier organismo de tránsito conocido por Data Tools al momento de la implementación','Oscar Muñoz 
Luis Javier Parra','SICON,
Circulemos,
Callao','JEE 6.0, Jboss EAP 6.2,
Prime Faces 5.0,
Spring Web Flow 2.4.1, 
Hibernate 4.1.4, 
Motores de BD, Oracle 11g, PostgreSQL 9.4, MySQL 5.1.73','6','C2',null);
REM INSERTING into USERS.AE_BEAN
SET DEFINE OFF;
Insert into USERS.AE_BEAN (ID,NOMBRE,ID_COMPONENTE) values ('1','Ejemplo1Bean','2');
Insert into USERS.AE_BEAN (ID,NOMBRE,ID_COMPONENTE) values ('2','SessionFacadeEjemplo','2');
Insert into USERS.AE_BEAN (ID,NOMBRE,ID_COMPONENTE) values ('3','Ejemplo2Bean','3');
Insert into USERS.AE_BEAN (ID,NOMBRE,ID_COMPONENTE) values ('4','EnvioCorreoEJB','4');
Insert into USERS.AE_BEAN (ID,NOMBRE,ID_COMPONENTE) values ('5','PruebaServiciosEJB','5');
REM INSERTING into USERS.AE_CLASE_COMPONENTE
SET DEFINE OFF;
Insert into USERS.AE_CLASE_COMPONENTE (ID,NOMBRE,DESCRIPCION) values ('1','Negocio',null);
Insert into USERS.AE_CLASE_COMPONENTE (ID,NOMBRE,DESCRIPCION) values ('2','Transversales',null);
Insert into USERS.AE_CLASE_COMPONENTE (ID,NOMBRE,DESCRIPCION) values ('3','Prueba',null);
REM INSERTING into USERS.AE_COMPONENTE
SET DEFINE OFF;
Insert into USERS.AE_COMPONENTE (ID,NOMBRE,DESCRIPCION,SIGLA,ID_CLASE_COMPONENTE,ID_TIPO_PACKAGING,ID_LINEA_BASE,ID_PADRE,ID_PREFIJO_SERVIDOR,MODULO,ID_APLICACION) values ('1','Ejemplo2EAR','COMPONENTE JEE PRUEBA','EJE','3','1','1',null,'1','0','1');
Insert into USERS.AE_COMPONENTE (ID,NOMBRE,DESCRIPCION,SIGLA,ID_CLASE_COMPONENTE,ID_TIPO_PACKAGING,ID_LINEA_BASE,ID_PADRE,ID_PREFIJO_SERVIDOR,MODULO,ID_APLICACION) values ('2','Ejemplo1EJB','COMPONENTE EJB EJEMPLO1',null,'3','3','1',null,'1','1','1');
Insert into USERS.AE_COMPONENTE (ID,NOMBRE,DESCRIPCION,SIGLA,ID_CLASE_COMPONENTE,ID_TIPO_PACKAGING,ID_LINEA_BASE,ID_PADRE,ID_PREFIJO_SERVIDOR,MODULO,ID_APLICACION) values ('3','Ejemplo2EJB','COMPONENTE EJB EJEMPLO2',null,'3','3','1','1','1','1','1');
Insert into USERS.AE_COMPONENTE (ID,NOMBRE,DESCRIPCION,SIGLA,ID_CLASE_COMPONENTE,ID_TIPO_PACKAGING,ID_LINEA_BASE,ID_PADRE,ID_PREFIJO_SERVIDOR,MODULO,ID_APLICACION) values ('4','EnvioCorreoEJB','Componente de Correo','MAIL','3','3','1',null,'1','1','1');
Insert into USERS.AE_COMPONENTE (ID,NOMBRE,DESCRIPCION,SIGLA,ID_CLASE_COMPONENTE,ID_TIPO_PACKAGING,ID_LINEA_BASE,ID_PADRE,ID_PREFIJO_SERVIDOR,MODULO,ID_APLICACION) values ('5','CapaServiciosEJB','Componente de Prueba',null,'3','3','1',null,'1','1','1');
REM INSERTING into USERS.AE_ESTILO_ARQUITECTURA
SET DEFINE OFF;
Insert into USERS.AE_ESTILO_ARQUITECTURA (ID,NOMBRE,DESCRIPCION) values ('1','Arquitectura Monolítica','describe una aplicación en la que toda la funcionalidad del sistema (ej. acceso a datos, interfaz de usuario, lógica, etcétera) está implementada y mezclada en una sola capa');
Insert into USERS.AE_ESTILO_ARQUITECTURA (ID,NOMBRE,DESCRIPCION) values ('2','Repositorio / Pizarrón',null);
Insert into USERS.AE_ESTILO_ARQUITECTURA (ID,NOMBRE,DESCRIPCION) values ('3','Cliente / Servidor',null);
Insert into USERS.AE_ESTILO_ARQUITECTURA (ID,NOMBRE,DESCRIPCION) values ('4','Cliente / Servidor - WEB',null);
Insert into USERS.AE_ESTILO_ARQUITECTURA (ID,NOMBRE,DESCRIPCION) values ('5','Tuberías y Filtros',null);
Insert into USERS.AE_ESTILO_ARQUITECTURA (ID,NOMBRE,DESCRIPCION) values ('6','Arquitectura por Capas',null);
Insert into USERS.AE_ESTILO_ARQUITECTURA (ID,NOMBRE,DESCRIPCION) values ('7','Arquitectura basada en Plugins',null);
Insert into USERS.AE_ESTILO_ARQUITECTURA (ID,NOMBRE,DESCRIPCION) values ('8','Sistemas Dirigidos por Eventos',null);
Insert into USERS.AE_ESTILO_ARQUITECTURA (ID,NOMBRE,DESCRIPCION) values ('9','Sist. Distribuidos / Arquitecturas Peer To Peer',null);
REM INSERTING into USERS.AE_HISTORICO_COMPONENTE_LB
SET DEFINE OFF;
REM INSERTING into USERS.AE_LINEA_BASE
SET DEFINE OFF;
Insert into USERS.AE_LINEA_BASE (ID,DESCRIPCION,VERSION,FECHA_GENERACION) values ('1','PRIMERA VERSION RELEASE','1.0.0-SNAPSHOT',to_date('04/03/15','DD/MM/RR'));
REM INSERTING into USERS.AE_PREFIJO_SERVIDOR
SET DEFINE OFF;
Insert into USERS.AE_PREFIJO_SERVIDOR (ID,NOMBRE,DESCRIPCION) values ('1','java:global/','Scoped to the application server');
REM INSERTING into USERS.AE_SERVICIO
SET DEFINE OFF;
Insert into USERS.AE_SERVICIO (ID,NOMBRE_SERVICIO,DISTINCT_NAME,NOMBRE_CLASE_INTERFACE_REMOTA,ID_SERVICIO_BEAN) values ('1','REjemplo1Servicio',null,'co.com.datatools.c2.IEjemplo2','3');
Insert into USERS.AE_SERVICIO (ID,NOMBRE_SERVICIO,DISTINCT_NAME,NOMBRE_CLASE_INTERFACE_REMOTA,ID_SERVICIO_BEAN) values ('2','IEnvioCorreo',null,'co.com.datatools.c2.mail.interfaces.IEnvioCorreo','4');
Insert into USERS.AE_SERVICIO (ID,NOMBRE_SERVICIO,DISTINCT_NAME,NOMBRE_CLASE_INTERFACE_REMOTA,ID_SERVICIO_BEAN) values ('3','IPruebaCapaServicios',null,'co.com.datatools.c2.servicios.interfaces.IPruebaCapaServicios','5');
REM INSERTING into USERS.AE_TIPO_PACKAGING
SET DEFINE OFF;
Insert into USERS.AE_TIPO_PACKAGING (ID,NOMBRE,DESCRIPCION) values ('1','EAR','Enterprise Archive (EAR) file');
Insert into USERS.AE_TIPO_PACKAGING (ID,NOMBRE,DESCRIPCION) values ('2','WAR','Web modules');
Insert into USERS.AE_TIPO_PACKAGING (ID,NOMBRE,DESCRIPCION) values ('3','JAR','Application client modules');
--------------------------------------------------------
--  DDL for Index AE_APLICACION_PK
--------------------------------------------------------

  CREATE UNIQUE INDEX "USERS"."AE_APLICACION_PK" ON "USERS"."AE_APLICACION" ("ID") 
  PCTFREE 10 INITRANS 2 MAXTRANS 255 COMPUTE STATISTICS 
  STORAGE(INITIAL 65536 NEXT 1048576 MINEXTENTS 1 MAXEXTENTS 2147483645
  PCTINCREASE 0 FREELISTS 1 FREELIST GROUPS 1 BUFFER_POOL DEFAULT FLASH_CACHE DEFAULT CELL_FLASH_CACHE DEFAULT)
  TABLESPACE "SYSTEM" ;
--------------------------------------------------------
--  DDL for Index AE_BEAN_PK
--------------------------------------------------------

  CREATE UNIQUE INDEX "USERS"."AE_BEAN_PK" ON "USERS"."AE_BEAN" ("ID") 
  PCTFREE 10 INITRANS 2 MAXTRANS 255 COMPUTE STATISTICS 
  STORAGE(INITIAL 65536 NEXT 1048576 MINEXTENTS 1 MAXEXTENTS 2147483645
  PCTINCREASE 0 FREELISTS 1 FREELIST GROUPS 1 BUFFER_POOL DEFAULT FLASH_CACHE DEFAULT CELL_FLASH_CACHE DEFAULT)
  TABLESPACE "SYSTEM" ;
--------------------------------------------------------
--  DDL for Index AE_CLASE_COMPONENTE_PK
--------------------------------------------------------

  CREATE UNIQUE INDEX "USERS"."AE_CLASE_COMPONENTE_PK" ON "USERS"."AE_CLASE_COMPONENTE" ("ID") 
  PCTFREE 10 INITRANS 2 MAXTRANS 255 COMPUTE STATISTICS 
  STORAGE(INITIAL 65536 NEXT 1048576 MINEXTENTS 1 MAXEXTENTS 2147483645
  PCTINCREASE 0 FREELISTS 1 FREELIST GROUPS 1 BUFFER_POOL DEFAULT FLASH_CACHE DEFAULT CELL_FLASH_CACHE DEFAULT)
  TABLESPACE "SYSTEM" ;
--------------------------------------------------------
--  DDL for Index AE_COMPONENTE_PK
--------------------------------------------------------

  CREATE UNIQUE INDEX "USERS"."AE_COMPONENTE_PK" ON "USERS"."AE_COMPONENTE" ("ID") 
  PCTFREE 10 INITRANS 2 MAXTRANS 255 COMPUTE STATISTICS 
  STORAGE(INITIAL 65536 NEXT 1048576 MINEXTENTS 1 MAXEXTENTS 2147483645
  PCTINCREASE 0 FREELISTS 1 FREELIST GROUPS 1 BUFFER_POOL DEFAULT FLASH_CACHE DEFAULT CELL_FLASH_CACHE DEFAULT)
  TABLESPACE "SYSTEM" ;
--------------------------------------------------------
--  DDL for Index AE_ESTILO_ARQUITECTURA_PK
--------------------------------------------------------

  CREATE UNIQUE INDEX "USERS"."AE_ESTILO_ARQUITECTURA_PK" ON "USERS"."AE_ESTILO_ARQUITECTURA" ("ID") 
  PCTFREE 10 INITRANS 2 MAXTRANS 255 COMPUTE STATISTICS 
  STORAGE(INITIAL 65536 NEXT 1048576 MINEXTENTS 1 MAXEXTENTS 2147483645
  PCTINCREASE 0 FREELISTS 1 FREELIST GROUPS 1 BUFFER_POOL DEFAULT FLASH_CACHE DEFAULT CELL_FLASH_CACHE DEFAULT)
  TABLESPACE "SYSTEM" ;
--------------------------------------------------------
--  DDL for Index AE_HISTORICO_COMPONENTE_L_PK
--------------------------------------------------------

  CREATE UNIQUE INDEX "USERS"."AE_HISTORICO_COMPONENTE_L_PK" ON "USERS"."AE_HISTORICO_COMPONENTE_LB" ("ID") 
  PCTFREE 10 INITRANS 2 MAXTRANS 255 COMPUTE STATISTICS 
  STORAGE(INITIAL 65536 NEXT 1048576 MINEXTENTS 1 MAXEXTENTS 2147483645
  PCTINCREASE 0 FREELISTS 1 FREELIST GROUPS 1 BUFFER_POOL DEFAULT FLASH_CACHE DEFAULT CELL_FLASH_CACHE DEFAULT)
  TABLESPACE "SYSTEM" ;
--------------------------------------------------------
--  DDL for Index AE_LINEA_BASE_PK
--------------------------------------------------------

  CREATE UNIQUE INDEX "USERS"."AE_LINEA_BASE_PK" ON "USERS"."AE_LINEA_BASE" ("ID") 
  PCTFREE 10 INITRANS 2 MAXTRANS 255 COMPUTE STATISTICS 
  STORAGE(INITIAL 65536 NEXT 1048576 MINEXTENTS 1 MAXEXTENTS 2147483645
  PCTINCREASE 0 FREELISTS 1 FREELIST GROUPS 1 BUFFER_POOL DEFAULT FLASH_CACHE DEFAULT CELL_FLASH_CACHE DEFAULT)
  TABLESPACE "SYSTEM" ;
--------------------------------------------------------
--  DDL for Index AE_PREFIJO_SERVIDOR_PK
--------------------------------------------------------

  CREATE UNIQUE INDEX "USERS"."AE_PREFIJO_SERVIDOR_PK" ON "USERS"."AE_PREFIJO_SERVIDOR" ("ID") 
  PCTFREE 10 INITRANS 2 MAXTRANS 255 COMPUTE STATISTICS 
  STORAGE(INITIAL 65536 NEXT 1048576 MINEXTENTS 1 MAXEXTENTS 2147483645
  PCTINCREASE 0 FREELISTS 1 FREELIST GROUPS 1 BUFFER_POOL DEFAULT FLASH_CACHE DEFAULT CELL_FLASH_CACHE DEFAULT)
  TABLESPACE "SYSTEM" ;
--------------------------------------------------------
--  DDL for Index AE_SERVICIO_PK
--------------------------------------------------------

  CREATE UNIQUE INDEX "USERS"."AE_SERVICIO_PK" ON "USERS"."AE_SERVICIO" ("ID") 
  PCTFREE 10 INITRANS 2 MAXTRANS 255 COMPUTE STATISTICS 
  STORAGE(INITIAL 65536 NEXT 1048576 MINEXTENTS 1 MAXEXTENTS 2147483645
  PCTINCREASE 0 FREELISTS 1 FREELIST GROUPS 1 BUFFER_POOL DEFAULT FLASH_CACHE DEFAULT CELL_FLASH_CACHE DEFAULT)
  TABLESPACE "SYSTEM" ;
--------------------------------------------------------
--  DDL for Index AE_TIPO_PACKAGING_PK
--------------------------------------------------------

  CREATE UNIQUE INDEX "USERS"."AE_TIPO_PACKAGING_PK" ON "USERS"."AE_TIPO_PACKAGING" ("ID") 
  PCTFREE 10 INITRANS 2 MAXTRANS 255 COMPUTE STATISTICS 
  STORAGE(INITIAL 65536 NEXT 1048576 MINEXTENTS 1 MAXEXTENTS 2147483645
  PCTINCREASE 0 FREELISTS 1 FREELIST GROUPS 1 BUFFER_POOL DEFAULT FLASH_CACHE DEFAULT CELL_FLASH_CACHE DEFAULT)
  TABLESPACE "SYSTEM" ;
--------------------------------------------------------
--  Constraints for Table AE_APLICACION
--------------------------------------------------------

  ALTER TABLE "USERS"."AE_APLICACION" ADD CONSTRAINT "AE_APLICACION_PK" PRIMARY KEY ("ID")
  USING INDEX PCTFREE 10 INITRANS 2 MAXTRANS 255 COMPUTE STATISTICS 
  STORAGE(INITIAL 65536 NEXT 1048576 MINEXTENTS 1 MAXEXTENTS 2147483645
  PCTINCREASE 0 FREELISTS 1 FREELIST GROUPS 1 BUFFER_POOL DEFAULT FLASH_CACHE DEFAULT CELL_FLASH_CACHE DEFAULT)
  TABLESPACE "SYSTEM"  ENABLE;
  ALTER TABLE "USERS"."AE_APLICACION" MODIFY ("ID" NOT NULL ENABLE);
--------------------------------------------------------
--  Constraints for Table AE_BEAN
--------------------------------------------------------

  ALTER TABLE "USERS"."AE_BEAN" ADD CONSTRAINT "AE_BEAN_PK" PRIMARY KEY ("ID")
  USING INDEX PCTFREE 10 INITRANS 2 MAXTRANS 255 COMPUTE STATISTICS 
  STORAGE(INITIAL 65536 NEXT 1048576 MINEXTENTS 1 MAXEXTENTS 2147483645
  PCTINCREASE 0 FREELISTS 1 FREELIST GROUPS 1 BUFFER_POOL DEFAULT FLASH_CACHE DEFAULT CELL_FLASH_CACHE DEFAULT)
  TABLESPACE "SYSTEM"  ENABLE;
  ALTER TABLE "USERS"."AE_BEAN" MODIFY ("ID" NOT NULL ENABLE);
--------------------------------------------------------
--  Constraints for Table AE_CLASE_COMPONENTE
--------------------------------------------------------

  ALTER TABLE "USERS"."AE_CLASE_COMPONENTE" ADD CONSTRAINT "AE_CLASE_COMPONENTE_PK" PRIMARY KEY ("ID")
  USING INDEX PCTFREE 10 INITRANS 2 MAXTRANS 255 COMPUTE STATISTICS 
  STORAGE(INITIAL 65536 NEXT 1048576 MINEXTENTS 1 MAXEXTENTS 2147483645
  PCTINCREASE 0 FREELISTS 1 FREELIST GROUPS 1 BUFFER_POOL DEFAULT FLASH_CACHE DEFAULT CELL_FLASH_CACHE DEFAULT)
  TABLESPACE "SYSTEM"  ENABLE;
  ALTER TABLE "USERS"."AE_CLASE_COMPONENTE" MODIFY ("ID" NOT NULL ENABLE);
--------------------------------------------------------
--  Constraints for Table AE_COMPONENTE
--------------------------------------------------------

  ALTER TABLE "USERS"."AE_COMPONENTE" ADD CONSTRAINT "AE_COMPONENTE_PK" PRIMARY KEY ("ID")
  USING INDEX PCTFREE 10 INITRANS 2 MAXTRANS 255 COMPUTE STATISTICS 
  STORAGE(INITIAL 65536 NEXT 1048576 MINEXTENTS 1 MAXEXTENTS 2147483645
  PCTINCREASE 0 FREELISTS 1 FREELIST GROUPS 1 BUFFER_POOL DEFAULT FLASH_CACHE DEFAULT CELL_FLASH_CACHE DEFAULT)
  TABLESPACE "SYSTEM"  ENABLE;
  ALTER TABLE "USERS"."AE_COMPONENTE" MODIFY ("ID" NOT NULL ENABLE);
--------------------------------------------------------
--  Constraints for Table AE_ESTILO_ARQUITECTURA
--------------------------------------------------------

  ALTER TABLE "USERS"."AE_ESTILO_ARQUITECTURA" ADD CONSTRAINT "AE_ESTILO_ARQUITECTURA_PK" PRIMARY KEY ("ID")
  USING INDEX PCTFREE 10 INITRANS 2 MAXTRANS 255 COMPUTE STATISTICS 
  STORAGE(INITIAL 65536 NEXT 1048576 MINEXTENTS 1 MAXEXTENTS 2147483645
  PCTINCREASE 0 FREELISTS 1 FREELIST GROUPS 1 BUFFER_POOL DEFAULT FLASH_CACHE DEFAULT CELL_FLASH_CACHE DEFAULT)
  TABLESPACE "SYSTEM"  ENABLE;
  ALTER TABLE "USERS"."AE_ESTILO_ARQUITECTURA" MODIFY ("ID" NOT NULL ENABLE);
--------------------------------------------------------
--  Constraints for Table AE_HISTORICO_COMPONENTE_LB
--------------------------------------------------------

  ALTER TABLE "USERS"."AE_HISTORICO_COMPONENTE_LB" ADD CONSTRAINT "AE_HISTORICO_COMPONENTE_L_PK" PRIMARY KEY ("ID")
  USING INDEX PCTFREE 10 INITRANS 2 MAXTRANS 255 COMPUTE STATISTICS 
  STORAGE(INITIAL 65536 NEXT 1048576 MINEXTENTS 1 MAXEXTENTS 2147483645
  PCTINCREASE 0 FREELISTS 1 FREELIST GROUPS 1 BUFFER_POOL DEFAULT FLASH_CACHE DEFAULT CELL_FLASH_CACHE DEFAULT)
  TABLESPACE "SYSTEM"  ENABLE;
  ALTER TABLE "USERS"."AE_HISTORICO_COMPONENTE_LB" MODIFY ("ID" NOT NULL ENABLE);
--------------------------------------------------------
--  Constraints for Table AE_LINEA_BASE
--------------------------------------------------------

  ALTER TABLE "USERS"."AE_LINEA_BASE" ADD CONSTRAINT "AE_LINEA_BASE_PK" PRIMARY KEY ("ID")
  USING INDEX PCTFREE 10 INITRANS 2 MAXTRANS 255 COMPUTE STATISTICS 
  STORAGE(INITIAL 65536 NEXT 1048576 MINEXTENTS 1 MAXEXTENTS 2147483645
  PCTINCREASE 0 FREELISTS 1 FREELIST GROUPS 1 BUFFER_POOL DEFAULT FLASH_CACHE DEFAULT CELL_FLASH_CACHE DEFAULT)
  TABLESPACE "SYSTEM"  ENABLE;
  ALTER TABLE "USERS"."AE_LINEA_BASE" MODIFY ("ID" NOT NULL ENABLE);
--------------------------------------------------------
--  Constraints for Table AE_PREFIJO_SERVIDOR
--------------------------------------------------------

  ALTER TABLE "USERS"."AE_PREFIJO_SERVIDOR" ADD CONSTRAINT "AE_PREFIJO_SERVIDOR_PK" PRIMARY KEY ("ID")
  USING INDEX PCTFREE 10 INITRANS 2 MAXTRANS 255 COMPUTE STATISTICS 
  STORAGE(INITIAL 65536 NEXT 1048576 MINEXTENTS 1 MAXEXTENTS 2147483645
  PCTINCREASE 0 FREELISTS 1 FREELIST GROUPS 1 BUFFER_POOL DEFAULT FLASH_CACHE DEFAULT CELL_FLASH_CACHE DEFAULT)
  TABLESPACE "SYSTEM"  ENABLE;
  ALTER TABLE "USERS"."AE_PREFIJO_SERVIDOR" MODIFY ("ID" NOT NULL ENABLE);
--------------------------------------------------------
--  Constraints for Table AE_SERVICIO
--------------------------------------------------------

  ALTER TABLE "USERS"."AE_SERVICIO" ADD CONSTRAINT "AE_SERVICIO_PK" PRIMARY KEY ("ID")
  USING INDEX PCTFREE 10 INITRANS 2 MAXTRANS 255 COMPUTE STATISTICS 
  STORAGE(INITIAL 65536 NEXT 1048576 MINEXTENTS 1 MAXEXTENTS 2147483645
  PCTINCREASE 0 FREELISTS 1 FREELIST GROUPS 1 BUFFER_POOL DEFAULT FLASH_CACHE DEFAULT CELL_FLASH_CACHE DEFAULT)
  TABLESPACE "SYSTEM"  ENABLE;
  ALTER TABLE "USERS"."AE_SERVICIO" MODIFY ("ID" NOT NULL ENABLE);
--------------------------------------------------------
--  Constraints for Table AE_TIPO_PACKAGING
--------------------------------------------------------

  ALTER TABLE "USERS"."AE_TIPO_PACKAGING" ADD CONSTRAINT "AE_TIPO_PACKAGING_PK" PRIMARY KEY ("ID")
  USING INDEX PCTFREE 10 INITRANS 2 MAXTRANS 255 COMPUTE STATISTICS 
  STORAGE(INITIAL 65536 NEXT 1048576 MINEXTENTS 1 MAXEXTENTS 2147483645
  PCTINCREASE 0 FREELISTS 1 FREELIST GROUPS 1 BUFFER_POOL DEFAULT FLASH_CACHE DEFAULT CELL_FLASH_CACHE DEFAULT)
  TABLESPACE "SYSTEM"  ENABLE;
  ALTER TABLE "USERS"."AE_TIPO_PACKAGING" MODIFY ("ID" NOT NULL ENABLE);
--------------------------------------------------------
--  Ref Constraints for Table AE_APLICACION
--------------------------------------------------------

  ALTER TABLE "USERS"."AE_APLICACION" ADD CONSTRAINT "FK_APLICACION_ESTILO_ARQUITECT" FOREIGN KEY ("ID_ESTILO_ARQUITECTURA")
	  REFERENCES "USERS"."AE_ESTILO_ARQUITECTURA" ("ID") ENABLE;
--------------------------------------------------------
--  Ref Constraints for Table AE_BEAN
--------------------------------------------------------

  ALTER TABLE "USERS"."AE_BEAN" ADD CONSTRAINT "FK_BEAN_COMPONENTE" FOREIGN KEY ("ID")
	  REFERENCES "USERS"."AE_COMPONENTE" ("ID") ENABLE;
--------------------------------------------------------
--  Ref Constraints for Table AE_COMPONENTE
--------------------------------------------------------

  ALTER TABLE "USERS"."AE_COMPONENTE" ADD CONSTRAINT "FK_COMPONENTE_APLICACION" FOREIGN KEY ("ID_APLICACION")
	  REFERENCES "USERS"."AE_APLICACION" ("ID") ENABLE;
  ALTER TABLE "USERS"."AE_COMPONENTE" ADD CONSTRAINT "FK_COMPONENTE_CLASE_COMPONENTE" FOREIGN KEY ("ID_CLASE_COMPONENTE")
	  REFERENCES "USERS"."AE_CLASE_COMPONENTE" ("ID") ENABLE;
  ALTER TABLE "USERS"."AE_COMPONENTE" ADD CONSTRAINT "FK_COMPONENTE_LINEA_BASE" FOREIGN KEY ("ID_LINEA_BASE")
	  REFERENCES "USERS"."AE_LINEA_BASE" ("ID") ENABLE;
  ALTER TABLE "USERS"."AE_COMPONENTE" ADD CONSTRAINT "FK_COMPONENTE_PREFIJO_SERVIDOR" FOREIGN KEY ("ID_PREFIJO_SERVIDOR")
	  REFERENCES "USERS"."AE_PREFIJO_SERVIDOR" ("ID") ENABLE;
  ALTER TABLE "USERS"."AE_COMPONENTE" ADD CONSTRAINT "FK_COMPONENTE_TIPO_PACKAGING" FOREIGN KEY ("ID_TIPO_PACKAGING")
	  REFERENCES "USERS"."AE_TIPO_PACKAGING" ("ID") ENABLE;
--------------------------------------------------------
--  Ref Constraints for Table AE_HISTORICO_COMPONENTE_LB
--------------------------------------------------------

  ALTER TABLE "USERS"."AE_HISTORICO_COMPONENTE_LB" ADD CONSTRAINT "FK_HISTORICO_COMPONENTE_LB" FOREIGN KEY ("ID_LINEA_BASE")
	  REFERENCES "USERS"."AE_LINEA_BASE" ("ID") ENABLE;
  ALTER TABLE "USERS"."AE_HISTORICO_COMPONENTE_LB" ADD CONSTRAINT "FK_HISTORICO_COMPONENTE_LB_COM" FOREIGN KEY ("ID_COMPONENTE")
	  REFERENCES "USERS"."AE_COMPONENTE" ("ID") ENABLE;
--------------------------------------------------------
--  Ref Constraints for Table AE_SERVICIO
--------------------------------------------------------

  ALTER TABLE "USERS"."AE_SERVICIO" ADD CONSTRAINT "FK_SERVICIO_BEAN" FOREIGN KEY ("ID_SERVICIO_BEAN")
	  REFERENCES "USERS"."AE_BEAN" ("ID") ENABLE;
