--persona
--INSERT INTO persona (ID_PERSONA, ID_TIPO_IDENTIFICACION, NUMERO_IDENTIFICACION, CODIGO_FUENTE_INFORMACION, CODIGO_ORGANISMO, FECHA_ULTIMA_ACTUALIZACION) VALUES ('-5', '1', '10000000004', '22', '11001', '2014-01-01');
--INSERT INTO persona (ID_PERSONA, ID_TIPO_IDENTIFICACION, NUMERO_IDENTIFICACION, CODIGO_FUENTE_INFORMACION, CODIGO_ORGANISMO, FECHA_ULTIMA_ACTUALIZACION) VALUES ('-2', '1', '10000000001', '19', '1', '2014-01-01');
--INSERT INTO persona (ID_PERSONA, ID_TIPO_IDENTIFICACION, NUMERO_IDENTIFICACION, CODIGO_FUENTE_INFORMACION, CODIGO_ORGANISMO, FECHA_ULTIMA_ACTUALIZACION) VALUES ('-3', '1', '10000000002', '20', '2', '2014-01-01');
--INSERT INTO persona (ID_PERSONA, ID_TIPO_IDENTIFICACION, NUMERO_IDENTIFICACION, CODIGO_FUENTE_INFORMACION, CODIGO_ORGANISMO, FECHA_ULTIMA_ACTUALIZACION) VALUES ('-4', '1',,'10000000003','18','3','2014-01-01');

--responsable formulario

INSERT INTO RESPONSABLE_FORMULARIO(ID_RESPONSABLE_FORMULARIO,CODIGO_ORGANISMO,ID_TIPO_RESPONSABLE,FECHA_INICIO_VINCULA,FECHA_FIN_VINCULA,CORREO_RESPONSABLE_FORMULARIO)VALUES(1,1,1,'2015-11-30','2015-12-25','prueba1@gmaiol.com');
INSERT INTO RESPONSABLE_FORMULARIO(ID_RESPONSABLE_FORMULARIO,CODIGO_ORGANISMO,ID_TIPO_RESPONSABLE,FECHA_INICIO_VINCULA,FECHA_FIN_VINCULA,CORREO_RESPONSABLE_FORMULARIO)VALUES(2,2,1,'2015-11-30','2015-12-25','prueba2@gmaiol.com');
INSERT INTO RESPONSABLE_FORMULARIO(ID_RESPONSABLE_FORMULARIO,CODIGO_ORGANISMO,ID_TIPO_RESPONSABLE,FECHA_INICIO_VINCULA,FECHA_FIN_VINCULA,CORREO_RESPONSABLE_FORMULARIO)VALUES(3,3,1,'2015-11-30','2015-12-25','prueba3@gmaiol.com');
INSERT INTO RESPONSABLE_FORMULARIO(ID_RESPONSABLE_FORMULARIO,CODIGO_ORGANISMO,ID_TIPO_RESPONSABLE,FECHA_INICIO_VINCULA,FECHA_FIN_VINCULA,CORREO_RESPONSABLE_FORMULARIO)VALUES(4,10,1,'2015-11-30','2015-12-25','prueba4@gmaiol.com');
INSERT INTO RESPONSABLE_FORMULARIO(ID_RESPONSABLE_FORMULARIO,CODIGO_ORGANISMO,ID_TIPO_RESPONSABLE,FECHA_INICIO_VINCULA,FECHA_FIN_VINCULA,CORREO_RESPONSABLE_FORMULARIO)VALUES(5,11,1,'2015-11-30','2015-12-25','prueba5@gmaiol.com');
INSERT INTO RESPONSABLE_FORMULARIO(ID_RESPONSABLE_FORMULARIO,CODIGO_ORGANISMO,ID_TIPO_RESPONSABLE,FECHA_INICIO_VINCULA,FECHA_FIN_VINCULA,CORREO_RESPONSABLE_FORMULARIO)VALUES(6,12,1,'2015-11-30','2015-12-25','prueba6@gmaiol.com');
INSERT INTO RESPONSABLE_FORMULARIO(ID_RESPONSABLE_FORMULARIO,CODIGO_ORGANISMO,ID_TIPO_RESPONSABLE,FECHA_INICIO_VINCULA,FECHA_FIN_VINCULA,CORREO_RESPONSABLE_FORMULARIO)VALUES(7,13,2,'2015-11-30','2015-12-25','prueba7@gmaiol.com');
INSERT INTO RESPONSABLE_FORMULARIO(ID_RESPONSABLE_FORMULARIO,CODIGO_ORGANISMO,ID_TIPO_RESPONSABLE,FECHA_INICIO_VINCULA,FECHA_FIN_VINCULA,CORREO_RESPONSABLE_FORMULARIO)VALUES(8,13,2,'2015-11-30','2015-12-25','prueba8@gmaiol.com');
INSERT INTO RESPONSABLE_FORMULARIO(ID_RESPONSABLE_FORMULARIO,CODIGO_ORGANISMO,ID_TIPO_RESPONSABLE,FECHA_INICIO_VINCULA,FECHA_FIN_VINCULA,CORREO_RESPONSABLE_FORMULARIO)VALUES(9,14,2,'2015-11-30','2015-12-25','prueba9@gmaiol.com');
INSERT INTO RESPONSABLE_FORMULARIO(ID_RESPONSABLE_FORMULARIO,CODIGO_ORGANISMO,ID_TIPO_RESPONSABLE,FECHA_INICIO_VINCULA,FECHA_FIN_VINCULA,CORREO_RESPONSABLE_FORMULARIO)VALUES(10,15,2,'2015-11-30','2015-12-25','prueba10@gmaiol.com');

--unificacion responsable

INSERT INTO UNIFICACION_RESPONSABLE VALUES(1,null,16,1);
INSERT INTO UNIFICACION_RESPONSABLE VALUES(2,null,17,2);
INSERT INTO UNIFICACION_RESPONSABLE VALUES(3,null,18,3);
INSERT INTO UNIFICACION_RESPONSABLE VALUES(4,null,19,4);
INSERT INTO UNIFICACION_RESPONSABLE VALUES(5,null,20,5);
INSERT INTO UNIFICACION_RESPONSABLE VALUES(6,null,22,6);
INSERT INTO UNIFICACION_RESPONSABLE VALUES(7,-1,null,7);
--INSERT INTO UNIFICACION_RESPONSABLE VALUES(8,-2,null,8);
--INSERT INTO UNIFICACION_RESPONSABLE VALUES(9,-3,null,9);
--INSERT INTO UNIFICACION_RESPONSABLE VALUES(1,-4,null,10);

--numeracion formulario

INSERT INTO NUMERACION_FORMULARIO VALUES(1,1,'2015-11-1','2015-12-1',20,1,'00000000000000000000');

--rango formulario

INSERT INTO RANGO_FORMULARIO VALUES(1,11001,1,1,null,11001000000000000001,11001000000000001000,'2015-10-15',1000,1000,0);

--detalle cambio estado

INSERT INTO DETALLE_CAMBIO_ESTADO VALUES(1,2,1,null,1,1,11001000000000000001,11001000000000000020,'2015-11-25','2015-11-26,20',20,'4pq','00000000000000000000',null,1);

--Formulario

INSERT INTO FORMULARIO VALUES(1,11001,1,1,2,1,1,'11001000000000000001');
INSERT INTO FORMULARIO VALUES(2,11001,1,1,2,1,1,'11001000000000000002');
INSERT INTO FORMULARIO VALUES(3,11001,1,1,2,1,1,'11001000000000000003');
INSERT INTO FORMULARIO VALUES(4,11001,1,1,2,1,1,'11001000000000000004');
INSERT INTO FORMULARIO VALUES(5,11001,1,1,2,1,1,'11001000000000000005');
INSERT INTO FORMULARIO VALUES(6,11001,1,1,2,1,1,'11001000000000000006');
INSERT INTO FORMULARIO VALUES(7,11001,1,1,2,1,1,'11001000000000000007');
INSERT INTO FORMULARIO VALUES(8,11001,1,1,2,1,1,'11001000000000000008');
INSERT INTO FORMULARIO VALUES(9,11001,1,1,2,1,1,'11001000000000000009');
INSERT INTO FORMULARIO VALUES(10,11001,1,1,2,1,1,'11001000000000000010');
INSERT INTO FORMULARIO VALUES(11,11001,1,1,2,1,1,'11001000000000000011');
INSERT INTO FORMULARIO VALUES(12,11001,1,1,2,1,1,'11001000000000000012');
INSERT INTO FORMULARIO VALUES(13,11001,1,1,2,1,1,'11001000000000000013');
INSERT INTO FORMULARIO VALUES(14,11001,1,1,2,1,1,'11001000000000000014');
INSERT INTO FORMULARIO VALUES(15,11001,1,1,2,1,1,'11001000000000000015');
INSERT INTO FORMULARIO VALUES(16,11001,1,1,2,1,1,'11001000000000000016');
INSERT INTO FORMULARIO VALUES(17,11001,1,1,2,1,1,'11001000000000000017');
INSERT INTO FORMULARIO VALUES(18,11001,1,1,2,1,1,'11001000000000000018');
INSERT INTO FORMULARIO VALUES(19,11001,1,1,2,1,1,'11001000000000000019');
INSERT INTO FORMULARIO VALUES(20,11001,1,1,2,1,1,'11001000000000000020');

INSERT INTO SEGUIMIENTO_FORMULARIO VALUES(1,1,1,2,1,'2015-11-30','2015-11-30','admin');
INSERT INTO SEGUIMIENTO_FORMULARIO VALUES(2,2,1,2,1,'2015-11-30','2015-11-30','admin');
INSERT INTO SEGUIMIENTO_FORMULARIO VALUES(3,3,1,2,1,'2015-11-30','2015-11-30','admin');
INSERT INTO SEGUIMIENTO_FORMULARIO VALUES(4,4,1,2,1,'2015-11-30','2015-11-30','admin');
INSERT INTO SEGUIMIENTO_FORMULARIO VALUES(5,5,1,2,1,'2015-11-30','2015-11-30','admin');
INSERT INTO SEGUIMIENTO_FORMULARIO VALUES(6,6,1,2,1,'2015-11-30','2015-11-30','admin');
INSERT INTO SEGUIMIENTO_FORMULARIO VALUES(7,7,1,2,1,'2015-11-30','2015-11-30','admin');
INSERT INTO SEGUIMIENTO_FORMULARIO VALUES(8,8,1,2,1,'2015-11-30','2015-11-30','admin');
INSERT INTO SEGUIMIENTO_FORMULARIO VALUES(9,9,1,2,1,'2015-11-30','2015-11-30','admin');
INSERT INTO SEGUIMIENTO_FORMULARIO VALUES(10,10,1,2,1,'2015-11-30','2015-11-30','admin');
INSERT INTO SEGUIMIENTO_FORMULARIO VALUES(11,11,1,2,1,'2015-11-30','2015-11-30','admin');
INSERT INTO SEGUIMIENTO_FORMULARIO VALUES(12,12,1,2,1,'2015-11-30','2015-11-30','admin');
INSERT INTO SEGUIMIENTO_FORMULARIO VALUES(13,13,1,2,1,'2015-11-30','2015-11-30','admin');
INSERT INTO SEGUIMIENTO_FORMULARIO VALUES(14,14,1,2,1,'2015-11-30','2015-11-30','admin');
INSERT INTO SEGUIMIENTO_FORMULARIO VALUES(15,15,1,2,1,'2015-11-30','2015-11-30','admin');
INSERT INTO SEGUIMIENTO_FORMULARIO VALUES(16,16,1,2,1,'2015-11-30','2015-11-30','admin');
INSERT INTO SEGUIMIENTO_FORMULARIO VALUES(17,17,1,2,1,'2015-11-30','2015-11-30','admin');
INSERT INTO SEGUIMIENTO_FORMULARIO VALUES(18,18,1,2,1,'2015-11-30','2015-11-30','admin');
INSERT INTO SEGUIMIENTO_FORMULARIO VALUES(19,19,1,2,1,'2015-11-30','2015-11-30','admin');
INSERT INTO SEGUIMIENTO_FORMULARIO VALUES(20,20,1,2,1,'2015-11-30','2015-11-30','admin');

UPDATE RANGO_FORMULARIO SET CANTIDAD_DISPONIBLE=980 WHERE ID_RANGO_FORMULARIO=1; 

--DEVOLUCION

INSERT INTO DETALLE_CAMBIO_ESTADO VALUES(2,3,3,null,1,1,11001000000000000001,1100100000000000005,'2015-12-01','2015-12-01',5,'4pq','00000000000000000000',null,1);

UPDATE FORMULARIO SET ID_ESTADO_FORMULARIO=3,ID_DETALLE_CAMBIO_ESTADO=2 WHERE ID_FORMULARIO BETWEEN 1 AND 5;

INSERT INTO SEGUIMIENTO_FORMULARIO VALUES(21,1,2,3,1,'2015-12-01','2015-12-01','admin');
INSERT INTO SEGUIMIENTO_FORMULARIO VALUES(22,2,2,3,1,'2015-12-01','2015-12-01','admin');
INSERT INTO SEGUIMIENTO_FORMULARIO VALUES(23,3,2,3,1,'2015-12-01','2015-12-01','admin');
INSERT INTO SEGUIMIENTO_FORMULARIO VALUES(24,4,2,3,1,'2015-12-01','2015-12-01','admin');
INSERT INTO SEGUIMIENTO_FORMULARIO VALUES(25,5,2,3,1,'2015-12-01','2015-12-01','admin');

 UPDATE RANGO_FORMULARIO SET CANTIDAD_DISPONIBLE=1000 WHERE ID_RANGO_FORMULARIO=1;

--ANULACION

INSERT INTO DETALLE_CAMBIO_ESTADO VALUES(3,4,5,null,1,1,11001000000000000006,11001000000000000010,'2015-12-02','2015-12-02',5,'4pq','00000000000000000000',null,1); 

UPDATE FORMULARIO SET ID_ESTADO_FORMULARIO=4,ID_DETALLE_CAMBIO_ESTADO=3 WHERE ID_FORMULARIO BETWEEN 6 AND 10;

INSERT INTO SEGUIMIENTO_FORMULARIO VALUES(26,6,3,4,1,'2015-12-03','2015-12-03','admin');
INSERT INTO SEGUIMIENTO_FORMULARIO VALUES(27,7,3,4,1,'2015-12-03','2015-12-03','admin');
INSERT INTO SEGUIMIENTO_FORMULARIO VALUES(28,8,3,4,1,'2015-12-03','2015-12-03','admin');
INSERT INTO SEGUIMIENTO_FORMULARIO VALUES(29,9,3,4,1,'2015-12-03','2015-12-03','admin');
INSERT INTO SEGUIMIENTO_FORMULARIO VALUES(30,10,3,4,1,'2015-12-03','2015-12-03','admin');