-- 
--  direccion
-- 
INSERT INTO direccion (ID_DIRECCION, CODIGO_TIPO_VIA_PRINCIPAL, NUMERO_VIA_PRINCIPAL, CODIGO_NOMBRE_VIA_PRINCIPAL, LETRA_VIA_PRINCIPAL, BIS_VIA_PRINCIPAL, LETRA_BIS_VIA_PRINCIPAL, CODIGO_CARDINALIDAD_VIA_PRINC, CODIGO_TIPO_VIA_SECUNDARIA, NUMERO_VIA_SECUNDARIA, CODIGO_NOMBRE_VIA_SECUNDARIA, LETRA_VIA_SECUNDARIA, BIS_VIA_SECUNDARIA, LETRA_BIS_VIA_SECUNDARIA, NUMERO_PLACA_DOMICILIARIA, CODIGO_CARDINALIDAD_VIA_SECUN, COMPLEMENTO, ID_MUNICIPIO, ID_LOCALIDAD, CODIGO_TIPO_UBICABILIDAD, BARRIO, CODIGO_TIPO_COORDENADA, LATITUD, LONGITUD) VALUES ('-8', '3', NULL, '17', NULL, NULL, NULL, NULL, '1', '31', NULL, NULL, NULL, NULL, '20', NULL, NULL, '149', NULL, '1', NULL, NULL, NULL, NULL);
INSERT INTO direccion (ID_DIRECCION, CODIGO_TIPO_VIA_PRINCIPAL, NUMERO_VIA_PRINCIPAL, CODIGO_NOMBRE_VIA_PRINCIPAL, LETRA_VIA_PRINCIPAL, BIS_VIA_PRINCIPAL, LETRA_BIS_VIA_PRINCIPAL, CODIGO_CARDINALIDAD_VIA_PRINC, CODIGO_TIPO_VIA_SECUNDARIA, NUMERO_VIA_SECUNDARIA, CODIGO_NOMBRE_VIA_SECUNDARIA, LETRA_VIA_SECUNDARIA, BIS_VIA_SECUNDARIA, LETRA_BIS_VIA_SECUNDARIA, NUMERO_PLACA_DOMICILIARIA, CODIGO_CARDINALIDAD_VIA_SECUN, COMPLEMENTO, ID_MUNICIPIO, ID_LOCALIDAD, CODIGO_TIPO_UBICABILIDAD, BARRIO, CODIGO_TIPO_COORDENADA, LATITUD, LONGITUD) VALUES ('-9', '3', NULL, '17', NULL, NULL, NULL, NULL, '1', '32', NULL, NULL, NULL, NULL, '21', NULL, NULL, '149', NULL, '1', NULL, NULL, NULL, NULL);
INSERT INTO direccion (ID_DIRECCION, CODIGO_TIPO_VIA_PRINCIPAL, NUMERO_VIA_PRINCIPAL, CODIGO_NOMBRE_VIA_PRINCIPAL, LETRA_VIA_PRINCIPAL, BIS_VIA_PRINCIPAL, LETRA_BIS_VIA_PRINCIPAL, CODIGO_CARDINALIDAD_VIA_PRINC, CODIGO_TIPO_VIA_SECUNDARIA, NUMERO_VIA_SECUNDARIA, CODIGO_NOMBRE_VIA_SECUNDARIA, LETRA_VIA_SECUNDARIA, BIS_VIA_SECUNDARIA, LETRA_BIS_VIA_SECUNDARIA, NUMERO_PLACA_DOMICILIARIA, CODIGO_CARDINALIDAD_VIA_SECUN, COMPLEMENTO, ID_MUNICIPIO, ID_LOCALIDAD, CODIGO_TIPO_UBICABILIDAD, BARRIO, CODIGO_TIPO_COORDENADA, LATITUD, LONGITUD) VALUES ('-10', '3', NULL, '17', NULL, NULL, NULL, NULL, '1', '33', NULL, NULL, NULL, NULL, '22', NULL, NULL, '149', NULL, '1', NULL, NULL, NULL, NULL);
INSERT INTO direccion (ID_DIRECCION, CODIGO_TIPO_VIA_PRINCIPAL, NUMERO_VIA_PRINCIPAL, CODIGO_NOMBRE_VIA_PRINCIPAL, LETRA_VIA_PRINCIPAL, BIS_VIA_PRINCIPAL, LETRA_BIS_VIA_PRINCIPAL, CODIGO_CARDINALIDAD_VIA_PRINC, CODIGO_TIPO_VIA_SECUNDARIA, NUMERO_VIA_SECUNDARIA, CODIGO_NOMBRE_VIA_SECUNDARIA, LETRA_VIA_SECUNDARIA, BIS_VIA_SECUNDARIA, LETRA_BIS_VIA_SECUNDARIA, NUMERO_PLACA_DOMICILIARIA, CODIGO_CARDINALIDAD_VIA_SECUN, COMPLEMENTO, ID_MUNICIPIO, ID_LOCALIDAD, CODIGO_TIPO_UBICABILIDAD, BARRIO, CODIGO_TIPO_COORDENADA, LATITUD, LONGITUD) VALUES ('-11', '3', NULL, '17', NULL, NULL, NULL, NULL, '1', '34', NULL, NULL, NULL, NULL, '23', NULL, NULL, '149', NULL, '1', NULL, NULL, NULL, NULL);
-- 
--  persona
-- 
INSERT INTO persona (ID_PERSONA, ID_TIPO_IDENTIFICACION, NUMERO_IDENTIFICACION, CODIGO_FUENTE_INFORMACION, CODIGO_ORGANISMO, FECHA_ULTIMA_ACTUALIZACION, ID_MUNICIPIO_EXPEDICION_DOCUM, FECHA_EXPEDICION_DOCUMENTO, FECHA_NACIMIENTO, FECHA_FALLECIMIENTO, NUMERO_TELEFONICO, ID_ESTADO_CIVIL, GENERO, APELLIDO1, APELLIDO2, NOMBRE1, NOMBRE2, CORREO_ELECTRONICO, NUMERO_CELULAR, NOMBRE_EMPRESA_LABORA, NOTIF_DIREC_EMPRE_LABOR, CARGO_EMPRESA_LABORA, TELEFONO_EMPRESA_LABORA, FAX_EMPRESA_LABORA, HUELLA_DIGITAL, RUTA_FOTO, FECHA_FOTO, CODIGO_TIPO_VIVIENDA, CODIGO_NIVEL_EDUCATIVO) VALUES ('-19', '1', '10000000018', '7', '11001', '2014-06-04', '150', '2014-06-04', '2014-06-04', NULL, '1000018', '3', 'M', 'apellido1_18', 'apellido2_18', 'nombre1_18', 'nombre2_18', 'nombre1_18@datatools.com.co', NULL, NULL, NULL, NULL, NULL, NULL, NULL, NULL, NULL, '2', '2');
INSERT INTO persona (ID_PERSONA, ID_TIPO_IDENTIFICACION, NUMERO_IDENTIFICACION, CODIGO_FUENTE_INFORMACION, CODIGO_ORGANISMO, FECHA_ULTIMA_ACTUALIZACION, ID_MUNICIPIO_EXPEDICION_DOCUM, FECHA_EXPEDICION_DOCUMENTO, FECHA_NACIMIENTO, FECHA_FALLECIMIENTO, NUMERO_TELEFONICO, ID_ESTADO_CIVIL, GENERO, APELLIDO1, APELLIDO2, NOMBRE1, NOMBRE2, CORREO_ELECTRONICO, NUMERO_CELULAR, NOMBRE_EMPRESA_LABORA, NOTIF_DIREC_EMPRE_LABOR, CARGO_EMPRESA_LABORA, TELEFONO_EMPRESA_LABORA, FAX_EMPRESA_LABORA, HUELLA_DIGITAL, RUTA_FOTO, FECHA_FOTO, CODIGO_TIPO_VIVIENDA, CODIGO_NIVEL_EDUCATIVO) VALUES ('-21', '3', '10000000020', '9', '11001', '2014-06-04', '149', '2014-06-04', '2014-06-04', NULL, '1000020', '1', 'M', 'apellido1_20', 'apellido2_20', 'nombre1_20', 'nombre2_20', 'nombre1_20@datatools.com.co', NULL, NULL, NULL, NULL, NULL, NULL, NULL, NULL, NULL, NULL, NULL);
INSERT INTO persona (ID_PERSONA, ID_TIPO_IDENTIFICACION, NUMERO_IDENTIFICACION, CODIGO_FUENTE_INFORMACION, CODIGO_ORGANISMO, FECHA_ULTIMA_ACTUALIZACION, ID_MUNICIPIO_EXPEDICION_DOCUM, FECHA_EXPEDICION_DOCUMENTO, FECHA_NACIMIENTO, FECHA_FALLECIMIENTO, NUMERO_TELEFONICO, ID_ESTADO_CIVIL, GENERO, APELLIDO1, APELLIDO2, NOMBRE1, NOMBRE2, CORREO_ELECTRONICO, NUMERO_CELULAR, NOMBRE_EMPRESA_LABORA, NOTIF_DIREC_EMPRE_LABOR, CARGO_EMPRESA_LABORA, TELEFONO_EMPRESA_LABORA, FAX_EMPRESA_LABORA, HUELLA_DIGITAL, RUTA_FOTO, FECHA_FOTO, CODIGO_TIPO_VIVIENDA, CODIGO_NIVEL_EDUCATIVO) VALUES ('-29', '2', '10000000028', '5', '11001', '2014-06-04', '149', '2014-06-04', '2014-06-04', NULL, '1000028', '1', 'M', 'apellido1_28', 'apellido2_28', 'nombre1_28', 'nombre2_28', 'nombre1_28@datatools.com.co', NULL, NULL, NULL, NULL, NULL, NULL, NULL, NULL, NULL, NULL, NULL);
INSERT INTO persona (ID_PERSONA, ID_TIPO_IDENTIFICACION, NUMERO_IDENTIFICACION, CODIGO_FUENTE_INFORMACION, CODIGO_ORGANISMO, FECHA_ULTIMA_ACTUALIZACION, ID_MUNICIPIO_EXPEDICION_DOCUM, FECHA_EXPEDICION_DOCUMENTO, FECHA_NACIMIENTO, FECHA_FALLECIMIENTO, NUMERO_TELEFONICO, ID_ESTADO_CIVIL, GENERO, APELLIDO1, APELLIDO2, NOMBRE1, NOMBRE2, CORREO_ELECTRONICO, NUMERO_CELULAR, NOMBRE_EMPRESA_LABORA, NOTIF_DIREC_EMPRE_LABOR, CARGO_EMPRESA_LABORA, TELEFONO_EMPRESA_LABORA, FAX_EMPRESA_LABORA, HUELLA_DIGITAL, RUTA_FOTO, FECHA_FOTO, CODIGO_TIPO_VIVIENDA, CODIGO_NIVEL_EDUCATIVO) VALUES ('-56', '2', '10000000055', '8', '11001', '2014-06-04', '574', '2014-06-04', '2014-06-04', NULL, '1000055', '4', 'F', 'apellido1_55', 'apellido2_55', 'nombre1_55', 'nombre2_55', 'nombre1_55@datatools.com.co', NULL, NULL, NULL, NULL, NULL, NULL, NULL, NULL, NULL, '3', '3');
INSERT INTO persona (ID_PERSONA, ID_TIPO_IDENTIFICACION, NUMERO_IDENTIFICACION, CODIGO_FUENTE_INFORMACION, CODIGO_ORGANISMO, FECHA_ULTIMA_ACTUALIZACION, ID_MUNICIPIO_EXPEDICION_DOCUM, FECHA_EXPEDICION_DOCUMENTO, FECHA_NACIMIENTO, FECHA_FALLECIMIENTO, NUMERO_TELEFONICO, ID_ESTADO_CIVIL, GENERO, APELLIDO1, APELLIDO2, NOMBRE1, NOMBRE2, CORREO_ELECTRONICO, NUMERO_CELULAR, NOMBRE_EMPRESA_LABORA, NOTIF_DIREC_EMPRE_LABOR, CARGO_EMPRESA_LABORA, TELEFONO_EMPRESA_LABORA, FAX_EMPRESA_LABORA, HUELLA_DIGITAL, RUTA_FOTO, FECHA_FOTO, CODIGO_TIPO_VIVIENDA, CODIGO_NIVEL_EDUCATIVO) VALUES ('-65', '2', '10000000064', '5', '11001', '2014-06-04', '149', '2014-06-04', '2014-06-04', NULL, '1000064', '1', 'M', 'apellido1_64', 'apellido2_64', 'nombre1_64', 'nombre2_64', 'nombre1_64@datatools.com.co', NULL, NULL, NULL, NULL, NULL, NULL, NULL, NULL, NULL, NULL, NULL);
INSERT INTO persona (ID_PERSONA, ID_TIPO_IDENTIFICACION, NUMERO_IDENTIFICACION, CODIGO_FUENTE_INFORMACION, CODIGO_ORGANISMO, FECHA_ULTIMA_ACTUALIZACION, ID_MUNICIPIO_EXPEDICION_DOCUM, FECHA_EXPEDICION_DOCUMENTO, FECHA_NACIMIENTO, FECHA_FALLECIMIENTO, NUMERO_TELEFONICO, ID_ESTADO_CIVIL, GENERO, APELLIDO1, APELLIDO2, NOMBRE1, NOMBRE2, CORREO_ELECTRONICO, NUMERO_CELULAR, NOMBRE_EMPRESA_LABORA, NOTIF_DIREC_EMPRE_LABOR, CARGO_EMPRESA_LABORA, TELEFONO_EMPRESA_LABORA, FAX_EMPRESA_LABORA, HUELLA_DIGITAL, RUTA_FOTO, FECHA_FOTO, CODIGO_TIPO_VIVIENDA, CODIGO_NIVEL_EDUCATIVO) VALUES ('-82', '1', '10000000081', '10', '11001', '2014-06-04', '1', '2014-06-04', '2014-06-04', NULL, '1000081', '2', 'F', 'apellido1_81', 'apellido2_81', 'nombre1_81', 'nombre2_81', 'nombre1_81@datatools.com.co', NULL, NULL, NULL, NULL, NULL, NULL, NULL, NULL, NULL, '1', '1');
INSERT INTO persona (ID_PERSONA, ID_TIPO_IDENTIFICACION, NUMERO_IDENTIFICACION, CODIGO_FUENTE_INFORMACION, CODIGO_ORGANISMO, FECHA_ULTIMA_ACTUALIZACION, ID_MUNICIPIO_EXPEDICION_DOCUM, FECHA_EXPEDICION_DOCUMENTO, FECHA_NACIMIENTO, FECHA_FALLECIMIENTO, NUMERO_TELEFONICO, ID_ESTADO_CIVIL, GENERO, APELLIDO1, APELLIDO2, NOMBRE1, NOMBRE2, CORREO_ELECTRONICO, NUMERO_CELULAR, NOMBRE_EMPRESA_LABORA, NOTIF_DIREC_EMPRE_LABOR, CARGO_EMPRESA_LABORA, TELEFONO_EMPRESA_LABORA, FAX_EMPRESA_LABORA, HUELLA_DIGITAL, RUTA_FOTO, FECHA_FOTO, CODIGO_TIPO_VIVIENDA, CODIGO_NIVEL_EDUCATIVO) VALUES ('-83', '2', '10000000082', '12', '11001', '2014-06-04', '150', '2014-06-04', '2014-06-04', NULL, '1000082', NULL, NULL, NULL, NULL, NULL, NULL, NULL, NULL, NULL, NULL, NULL, NULL, NULL, NULL, NULL, NULL, NULL, NULL);
INSERT INTO persona (ID_PERSONA, ID_TIPO_IDENTIFICACION, NUMERO_IDENTIFICACION, CODIGO_FUENTE_INFORMACION, CODIGO_ORGANISMO, FECHA_ULTIMA_ACTUALIZACION, ID_MUNICIPIO_EXPEDICION_DOCUM, FECHA_EXPEDICION_DOCUMENTO, FECHA_NACIMIENTO, FECHA_FALLECIMIENTO, NUMERO_TELEFONICO, ID_ESTADO_CIVIL, GENERO, APELLIDO1, APELLIDO2, NOMBRE1, NOMBRE2, CORREO_ELECTRONICO, NUMERO_CELULAR, NOMBRE_EMPRESA_LABORA, NOTIF_DIREC_EMPRE_LABOR, CARGO_EMPRESA_LABORA, TELEFONO_EMPRESA_LABORA, FAX_EMPRESA_LABORA, HUELLA_DIGITAL, RUTA_FOTO, FECHA_FOTO, CODIGO_TIPO_VIVIENDA, CODIGO_NIVEL_EDUCATIVO) VALUES ('-92', '2', '10000000091', '12', '11001', '2014-06-04', '574', '2014-06-04', '2014-06-04', NULL, '1000091', NULL, NULL, NULL, NULL, NULL, NULL, NULL, NULL, NULL, NULL, NULL, NULL, NULL, NULL, NULL, NULL, NULL, NULL);
INSERT INTO persona (ID_PERSONA, ID_TIPO_IDENTIFICACION, NUMERO_IDENTIFICACION, CODIGO_FUENTE_INFORMACION, CODIGO_ORGANISMO, FECHA_ULTIMA_ACTUALIZACION, ID_MUNICIPIO_EXPEDICION_DOCUM, FECHA_EXPEDICION_DOCUMENTO, FECHA_NACIMIENTO, FECHA_FALLECIMIENTO, NUMERO_TELEFONICO, ID_ESTADO_CIVIL, GENERO, APELLIDO1, APELLIDO2, NOMBRE1, NOMBRE2, CORREO_ELECTRONICO, NUMERO_CELULAR, NOMBRE_EMPRESA_LABORA, NOTIF_DIREC_EMPRE_LABOR, CARGO_EMPRESA_LABORA, TELEFONO_EMPRESA_LABORA, FAX_EMPRESA_LABORA, HUELLA_DIGITAL, RUTA_FOTO, FECHA_FOTO, CODIGO_TIPO_VIVIENDA, CODIGO_NIVEL_EDUCATIVO) VALUES ('-100', '1', '10000000099', '4', '11001', '2014-06-04', '574', '2014-06-04', '2014-06-04', NULL, '1000099', '4', 'F', 'apellido1_99', 'apellido2_99', 'nombre1_99', 'nombre2_99', 'nombre1_99@datatools.com.co', NULL, NULL, NULL, NULL, NULL, NULL, NULL, NULL, NULL, '3', '3');
INSERT INTO persona (ID_PERSONA, ID_TIPO_IDENTIFICACION, NUMERO_IDENTIFICACION, CODIGO_FUENTE_INFORMACION, CODIGO_ORGANISMO, FECHA_ULTIMA_ACTUALIZACION, ID_MUNICIPIO_EXPEDICION_DOCUM, FECHA_EXPEDICION_DOCUMENTO, FECHA_NACIMIENTO, FECHA_FALLECIMIENTO, NUMERO_TELEFONICO, ID_ESTADO_CIVIL, GENERO, APELLIDO1, APELLIDO2, NOMBRE1, NOMBRE2, CORREO_ELECTRONICO, NUMERO_CELULAR, NOMBRE_EMPRESA_LABORA, NOTIF_DIREC_EMPRE_LABOR, CARGO_EMPRESA_LABORA, TELEFONO_EMPRESA_LABORA, FAX_EMPRESA_LABORA, HUELLA_DIGITAL, RUTA_FOTO, FECHA_FOTO, CODIGO_TIPO_VIVIENDA, CODIGO_NIVEL_EDUCATIVO) VALUES ('-101', '2', '589568561', '12', '11001', '2014-04-04', NULL, NULL, NULL, NULL, NULL, NULL, NULL, NULL, NULL, NULL, NULL, NULL, NULL, NULL, NULL, NULL, NULL, NULL, NULL, NULL, NULL, NULL, NULL);
INSERT INTO persona (ID_PERSONA, ID_TIPO_IDENTIFICACION, NUMERO_IDENTIFICACION, CODIGO_FUENTE_INFORMACION, CODIGO_ORGANISMO, FECHA_ULTIMA_ACTUALIZACION, ID_MUNICIPIO_EXPEDICION_DOCUM, FECHA_EXPEDICION_DOCUMENTO, FECHA_NACIMIENTO, FECHA_FALLECIMIENTO, NUMERO_TELEFONICO, ID_ESTADO_CIVIL, GENERO, APELLIDO1, APELLIDO2, NOMBRE1, NOMBRE2, CORREO_ELECTRONICO, NUMERO_CELULAR, NOMBRE_EMPRESA_LABORA, NOTIF_DIREC_EMPRE_LABOR, CARGO_EMPRESA_LABORA, TELEFONO_EMPRESA_LABORA, FAX_EMPRESA_LABORA, HUELLA_DIGITAL, RUTA_FOTO, FECHA_FOTO, CODIGO_TIPO_VIVIENDA, CODIGO_NIVEL_EDUCATIVO) VALUES ('-111', '1', '41000008', '12', '11001', '2014-04-04', '149', '1945-11-11', '1963-06-27', NULL, '4645898', '1', 'F', 'Paez', NULL, 'Liliana', NULL, NULL, '3015895478', NULL, NULL, NULL, NULL, NULL, NULL, NULL, NULL, '2', NULL);
INSERT INTO persona (ID_PERSONA, ID_TIPO_IDENTIFICACION, NUMERO_IDENTIFICACION, CODIGO_FUENTE_INFORMACION, CODIGO_ORGANISMO, FECHA_ULTIMA_ACTUALIZACION, ID_MUNICIPIO_EXPEDICION_DOCUM, FECHA_EXPEDICION_DOCUMENTO, FECHA_NACIMIENTO, FECHA_FALLECIMIENTO, NUMERO_TELEFONICO, ID_ESTADO_CIVIL, GENERO, APELLIDO1, APELLIDO2, NOMBRE1, NOMBRE2, CORREO_ELECTRONICO, NUMERO_CELULAR, NOMBRE_EMPRESA_LABORA, NOTIF_DIREC_EMPRE_LABOR, CARGO_EMPRESA_LABORA, TELEFONO_EMPRESA_LABORA, FAX_EMPRESA_LABORA, HUELLA_DIGITAL, RUTA_FOTO, FECHA_FOTO, CODIGO_TIPO_VIVIENDA, CODIGO_NIVEL_EDUCATIVO) VALUES ('-122', '1', '41000015', '12', '11001', '2014-07-21', '149', '1945-11-11', '1963-07-04', NULL, '4645898', '1', 'F', 'Jimenez', 'Garcia', 'Juana', 'Maria', NULL, '3015895479', NULL, NULL, NULL, NULL, NULL, NULL, NULL, NULL, '2', NULL);
INSERT INTO persona (ID_PERSONA, ID_TIPO_IDENTIFICACION, NUMERO_IDENTIFICACION, CODIGO_FUENTE_INFORMACION, CODIGO_ORGANISMO, FECHA_ULTIMA_ACTUALIZACION, ID_MUNICIPIO_EXPEDICION_DOCUM, FECHA_EXPEDICION_DOCUMENTO, FECHA_NACIMIENTO, FECHA_FALLECIMIENTO, NUMERO_TELEFONICO, ID_ESTADO_CIVIL, GENERO, APELLIDO1, APELLIDO2, NOMBRE1, NOMBRE2, CORREO_ELECTRONICO, NUMERO_CELULAR, NOMBRE_EMPRESA_LABORA, NOTIF_DIREC_EMPRE_LABOR, CARGO_EMPRESA_LABORA, TELEFONO_EMPRESA_LABORA, FAX_EMPRESA_LABORA, HUELLA_DIGITAL, RUTA_FOTO, FECHA_FOTO, CODIGO_TIPO_VIVIENDA, CODIGO_NIVEL_EDUCATIVO) VALUES ('-124', '1', '6000001', '12', '11001', '2014-07-29', NULL, NULL, NULL, NULL, '2256585', NULL, 'M', 'app1', NULL, 'nom1', NULL, NULL, NULL, NULL, '0', NULL, NULL, NULL, NULL, NULL, NULL, NULL, NULL);
INSERT INTO persona (ID_PERSONA, ID_TIPO_IDENTIFICACION, NUMERO_IDENTIFICACION, CODIGO_FUENTE_INFORMACION, CODIGO_ORGANISMO, FECHA_ULTIMA_ACTUALIZACION, ID_MUNICIPIO_EXPEDICION_DOCUM, FECHA_EXPEDICION_DOCUMENTO, FECHA_NACIMIENTO, FECHA_FALLECIMIENTO, NUMERO_TELEFONICO, ID_ESTADO_CIVIL, GENERO, APELLIDO1, APELLIDO2, NOMBRE1, NOMBRE2, CORREO_ELECTRONICO, NUMERO_CELULAR, NOMBRE_EMPRESA_LABORA, NOTIF_DIREC_EMPRE_LABOR, CARGO_EMPRESA_LABORA, TELEFONO_EMPRESA_LABORA, FAX_EMPRESA_LABORA, HUELLA_DIGITAL, RUTA_FOTO, FECHA_FOTO, CODIGO_TIPO_VIVIENDA, CODIGO_NIVEL_EDUCATIVO) VALUES ('-125', '1', '6000002', '12', '11001', '2014-07-28', NULL, NULL, NULL, NULL, '2256586', NULL, 'M', 'apel', NULL, 'nomb', NULL, NULL, NULL, NULL, '0', NULL, NULL, NULL, NULL, NULL, NULL, NULL, NULL);
-- 
--  orden_comparendo_nacional
-- 
INSERT INTO orden_comparendo_nacional (CICOMPARENDO, NUMERO_COMPARENDO, CODIGO_ORGANISMO_TRANSITO) VALUES ('-7', '1000006', '11001');
INSERT INTO orden_comparendo_nacional (CICOMPARENDO, NUMERO_COMPARENDO, CODIGO_ORGANISMO_TRANSITO) VALUES ('-51', '11001000000001000000', '11001');
INSERT INTO orden_comparendo_nacional (CICOMPARENDO, NUMERO_COMPARENDO, CODIGO_ORGANISMO_TRANSITO) VALUES ('-52', '11001000000001000001', '11001');
INSERT INTO orden_comparendo_nacional (CICOMPARENDO, NUMERO_COMPARENDO, CODIGO_ORGANISMO_TRANSITO) VALUES ('-99', '11001000000001000048', '11001');
INSERT INTO orden_comparendo_nacional (CICOMPARENDO, NUMERO_COMPARENDO, CODIGO_ORGANISMO_TRANSITO) VALUES ('-100', '11001000000001000049', '11001');
INSERT INTO orden_comparendo_nacional (CICOMPARENDO, NUMERO_COMPARENDO, CODIGO_ORGANISMO_TRANSITO) VALUES ('-106', '11001000000080000001', '11001');
INSERT INTO orden_comparendo_nacional (CICOMPARENDO, NUMERO_COMPARENDO, CODIGO_ORGANISMO_TRANSITO) VALUES ('-112', '11001004004004004003', '11001');
-- 
--  obligacion
-- 
INSERT INTO obligacion (ID_OBLIGACION, CODIGO_TIPO_OBLIGACION, NUMERO_OBLIGACION, CODIGO_ESTADO_OBLIGACION, CODIGO_MOTIVO_ESTADO, CODIGO_ORGANISMO) VALUES ('-7', '1', '1000006', '1', NULL, '11001');
INSERT INTO obligacion (ID_OBLIGACION, CODIGO_TIPO_OBLIGACION, NUMERO_OBLIGACION, CODIGO_ESTADO_OBLIGACION, CODIGO_MOTIVO_ESTADO, CODIGO_ORGANISMO) VALUES ('-51', '1', '11001000000001000000', '1', NULL, '11001');
INSERT INTO obligacion (ID_OBLIGACION, CODIGO_TIPO_OBLIGACION, NUMERO_OBLIGACION, CODIGO_ESTADO_OBLIGACION, CODIGO_MOTIVO_ESTADO, CODIGO_ORGANISMO) VALUES ('-52', '1', '11001000000001000001', '1', NULL, '11001');
INSERT INTO obligacion (ID_OBLIGACION, CODIGO_TIPO_OBLIGACION, NUMERO_OBLIGACION, CODIGO_ESTADO_OBLIGACION, CODIGO_MOTIVO_ESTADO, CODIGO_ORGANISMO) VALUES ('-99', '1', '11001000000001000048', '1', NULL, '11001');
INSERT INTO obligacion (ID_OBLIGACION, CODIGO_TIPO_OBLIGACION, NUMERO_OBLIGACION, CODIGO_ESTADO_OBLIGACION, CODIGO_MOTIVO_ESTADO, CODIGO_ORGANISMO) VALUES ('-100', '1', '11001000000001000049', '1', NULL, '11001');
INSERT INTO obligacion (ID_OBLIGACION, CODIGO_TIPO_OBLIGACION, NUMERO_OBLIGACION, CODIGO_ESTADO_OBLIGACION, CODIGO_MOTIVO_ESTADO, CODIGO_ORGANISMO) VALUES ('-106', '1', '11001000000080000001', '1', NULL, '11001');
INSERT INTO obligacion (ID_OBLIGACION, CODIGO_TIPO_OBLIGACION, NUMERO_OBLIGACION, CODIGO_ESTADO_OBLIGACION, CODIGO_MOTIVO_ESTADO, CODIGO_ORGANISMO) VALUES ('-112', '1', '11001004004004004003', '1', NULL, '11001');
-- 
--  cartera_obligacion
-- 
INSERT INTO cartera_obligacion (ID_OBLIGACION, FECHA_CREACION, VALOR_CARTERA) VALUES ('-7', '2014-06-07', '100000');
INSERT INTO cartera_obligacion (ID_OBLIGACION, FECHA_CREACION, VALOR_CARTERA) VALUES ('-51', '2012-03-05', '100000');
INSERT INTO cartera_obligacion (ID_OBLIGACION, FECHA_CREACION, VALOR_CARTERA) VALUES ('-99', '2014-03-05', '300000');
INSERT INTO cartera_obligacion (ID_OBLIGACION, FECHA_CREACION, VALOR_CARTERA) VALUES ('-100', '2014-04-05', '200000');
INSERT INTO cartera_obligacion (ID_OBLIGACION, FECHA_CREACION, VALOR_CARTERA) VALUES ('-106', '2014-08-11', '50000');
INSERT INTO cartera_obligacion (ID_OBLIGACION, FECHA_CREACION, VALOR_CARTERA) VALUES ('-112', '2014-01-01', '300000');
-- 
--  persona_juridica
-- 
INSERT INTO persona_juridica (ID_PERSONA_JURIDICA, DIGITO_VERIFICACION, NOMBRE_COMERCIAL, SIGLA, ID_TIPO_SOCIEDAD, ID_CLASE_ACTIVIDAD_ECONOMICA, ID_MUNICIPIO) VALUES ('-21', '7', 'CIA S.A.', 'HUM', NULL, '100', '149');
INSERT INTO persona_juridica (ID_PERSONA_JURIDICA, DIGITO_VERIFICACION, NOMBRE_COMERCIAL, SIGLA, ID_TIPO_SOCIEDAD, ID_CLASE_ACTIVIDAD_ECONOMICA, ID_MUNICIPIO) VALUES ('-29', '3', 'PJ CIA', 'PJCIA', NULL, '100', '149');
INSERT INTO persona_juridica (ID_PERSONA_JURIDICA, DIGITO_VERIFICACION, NOMBRE_COMERCIAL, SIGLA, ID_TIPO_SOCIEDAD, ID_CLASE_ACTIVIDAD_ECONOMICA, ID_MUNICIPIO) VALUES ('-56', '2', 'CIA LTDA', 'CIAL', NULL, '100', '149');
INSERT INTO persona_juridica (ID_PERSONA_JURIDICA, DIGITO_VERIFICACION, NOMBRE_COMERCIAL, SIGLA, ID_TIPO_SOCIEDAD, ID_CLASE_ACTIVIDAD_ECONOMICA, ID_MUNICIPIO) VALUES ('-65', '9', 'CIA CURSO S.A', 'CIASA', NULL, '100', '149');
INSERT INTO persona_juridica (ID_PERSONA_JURIDICA, DIGITO_VERIFICACION, NOMBRE_COMERCIAL, SIGLA, ID_TIPO_SOCIEDAD, ID_CLASE_ACTIVIDAD_ECONOMICA, ID_MUNICIPIO) VALUES ('-83', '1', 'Papeles mas', 'PAM', NULL, '100', '149');
INSERT INTO persona_juridica (ID_PERSONA_JURIDICA, DIGITO_VERIFICACION, NOMBRE_COMERCIAL, SIGLA, ID_TIPO_SOCIEDAD, ID_CLASE_ACTIVIDAD_ECONOMICA, ID_MUNICIPIO) VALUES ('-92', '8', 'Mesas', 'MESA', NULL, '98', '149');
INSERT INTO persona_juridica (ID_PERSONA_JURIDICA, DIGITO_VERIFICACION, NOMBRE_COMERCIAL, SIGLA, ID_TIPO_SOCIEDAD, ID_CLASE_ACTIVIDAD_ECONOMICA, ID_MUNICIPIO) VALUES ('-101', '6', 'Casa de casas', 'CADC', NULL, '379', '149');
-- 
--  infraccion
-- 
INSERT INTO infraccion (ID_INFRACCION, ID_TIPO_INFRACCION, NUMERAL_INFRACCION, CODIGO_INFRACCION, CODIGO_ORGANISMO) VALUES ('-1', '1', '1', 'A1', '11001');
INSERT INTO infraccion (ID_INFRACCION, ID_TIPO_INFRACCION, NUMERAL_INFRACCION, CODIGO_INFRACCION, CODIGO_ORGANISMO) VALUES ('-2', '2', '1', 'B1', '11001');
INSERT INTO infraccion (ID_INFRACCION, ID_TIPO_INFRACCION, NUMERAL_INFRACCION, CODIGO_INFRACCION, CODIGO_ORGANISMO) VALUES ('-3', '3', '1', 'C1', '11001');
INSERT INTO infraccion (ID_INFRACCION, ID_TIPO_INFRACCION, NUMERAL_INFRACCION, CODIGO_INFRACCION, CODIGO_ORGANISMO) VALUES ('-4', '4', '1', 'D1', '11001');
INSERT INTO infraccion (ID_INFRACCION, ID_TIPO_INFRACCION, NUMERAL_INFRACCION, CODIGO_INFRACCION, CODIGO_ORGANISMO) VALUES ('-5', '5', '1', 'E1', '11001');
INSERT INTO infraccion (ID_INFRACCION, ID_TIPO_INFRACCION, NUMERAL_INFRACCION, CODIGO_INFRACCION, CODIGO_ORGANISMO) VALUES ('-6', '6', '1', 'F1', '11001');
INSERT INTO infraccion (ID_INFRACCION, ID_TIPO_INFRACCION, NUMERAL_INFRACCION, CODIGO_INFRACCION, CODIGO_ORGANISMO) VALUES ('-7', '7', '1', 'G1', '11001');
INSERT INTO infraccion (ID_INFRACCION, ID_TIPO_INFRACCION, NUMERAL_INFRACCION, CODIGO_INFRACCION, CODIGO_ORGANISMO) VALUES ('-8', '8', '1', 'H1', '11001');
INSERT INTO infraccion (ID_INFRACCION, ID_TIPO_INFRACCION, NUMERAL_INFRACCION, CODIGO_INFRACCION, CODIGO_ORGANISMO) VALUES ('-9', '9', '1', 'I1', '11001');
INSERT INTO infraccion (ID_INFRACCION, ID_TIPO_INFRACCION, NUMERAL_INFRACCION, CODIGO_INFRACCION, CODIGO_ORGANISMO) VALUES ('-10', '10', '1', 'J1', '11001');
INSERT INTO infraccion (ID_INFRACCION, ID_TIPO_INFRACCION, NUMERAL_INFRACCION, CODIGO_INFRACCION, CODIGO_ORGANISMO) VALUES ('-11', '11', '1', 'T1', '11001');
INSERT INTO infraccion (ID_INFRACCION, ID_TIPO_INFRACCION, NUMERAL_INFRACCION, CODIGO_INFRACCION, CODIGO_ORGANISMO) VALUES ('-12', '4', '04', 'D04', '11001');
INSERT INTO infraccion (ID_INFRACCION, ID_TIPO_INFRACCION, NUMERAL_INFRACCION, CODIGO_INFRACCION, CODIGO_ORGANISMO) VALUES ('-13', NULL, '12', '12', '11001');
-- 
--  centro_integral_atencion
-- 
INSERT INTO centro_integral_atencion (ID_CENTRO_INTEGRAL_ATENCION, NOMBRE_CENTRO_INTEGRAL_ATENC, ID_PERSONA_JURIDICA, REPORTA_RECAUDO, PORCENTAJE_RECAUDO, FECHA_INICIO_OPERACION, FECHA_FIN_OPERACION, CUENTA_RECAUDADORA) VALUES ('-1', 'Centro Integral', '-101', '0', '12', '2010-01-01', '2020-01-01', '11111112');
INSERT INTO centro_integral_atencion (ID_CENTRO_INTEGRAL_ATENCION, NOMBRE_CENTRO_INTEGRAL_ATENC, ID_PERSONA_JURIDICA, REPORTA_RECAUDO, PORCENTAJE_RECAUDO, FECHA_INICIO_OPERACION, FECHA_FIN_OPERACION, CUENTA_RECAUDADORA) VALUES ('-2', 'Centro Integral 2', '-21', '0', '13', '2010-01-01', '2020-01-01', '22222223');
INSERT INTO centro_integral_atencion (ID_CENTRO_INTEGRAL_ATENCION, NOMBRE_CENTRO_INTEGRAL_ATENC, ID_PERSONA_JURIDICA, REPORTA_RECAUDO, PORCENTAJE_RECAUDO, FECHA_INICIO_OPERACION, FECHA_FIN_OPERACION, CUENTA_RECAUDADORA) VALUES ('-3', 'Centro Integral 3', '-29', '0', '14', '2010-01-01', '2013-01-01', '12345678');
INSERT INTO centro_integral_atencion (ID_CENTRO_INTEGRAL_ATENCION, NOMBRE_CENTRO_INTEGRAL_ATENC, ID_PERSONA_JURIDICA, REPORTA_RECAUDO, PORCENTAJE_RECAUDO, FECHA_INICIO_OPERACION, FECHA_FIN_OPERACION, CUENTA_RECAUDADORA) VALUES ('-4', 'Centro Integral 4', '-83', '0', '15', '2010-01-01', NULL, '88888888');
INSERT INTO centro_integral_atencion (ID_CENTRO_INTEGRAL_ATENCION, NOMBRE_CENTRO_INTEGRAL_ATENC, ID_PERSONA_JURIDICA, REPORTA_RECAUDO, PORCENTAJE_RECAUDO, FECHA_INICIO_OPERACION, FECHA_FIN_OPERACION, CUENTA_RECAUDADORA) VALUES ('-5', 'Centro Integral 5', '-92', '0', '15', '2020-01-01', NULL, '88888888');
INSERT INTO centro_integral_atencion (ID_CENTRO_INTEGRAL_ATENCION, NOMBRE_CENTRO_INTEGRAL_ATENC, ID_PERSONA_JURIDICA, REPORTA_RECAUDO, PORCENTAJE_RECAUDO, FECHA_INICIO_OPERACION, FECHA_FIN_OPERACION, CUENTA_RECAUDADORA) VALUES ('-6', 'Centro Integral 6', '-56', '0', '15', '2020-01-01', NULL, '0540012102');
INSERT INTO centro_integral_atencion (ID_CENTRO_INTEGRAL_ATENCION, NOMBRE_CENTRO_INTEGRAL_ATENC, ID_PERSONA_JURIDICA, REPORTA_RECAUDO, PORCENTAJE_RECAUDO, FECHA_INICIO_OPERACION, FECHA_FIN_OPERACION, CUENTA_RECAUDADORA) VALUES ('-7', 'Centro Integral 7', '-65', '0', '15', '2020-01-01', NULL, '0777772203');
-- 
--  sedes_centro_integral_atencion
-- 
INSERT INTO sedes_centro_integral_atencion (ID_SEDES_CENTRO_INTEGRAL_ATENC, ID_CENTRO_INTEGRAL_ATENCION, NOMRBE, TELEFONO_SEDE, ID_PERSONA_ENCARGADA, ID_DIRECCION, CORREO_ELECTRONICO) VALUES ('-1', '-6', 'Sede 1', '900000000', '-19', '-8', 'a@a.com');
INSERT INTO sedes_centro_integral_atencion (ID_SEDES_CENTRO_INTEGRAL_ATENC, ID_CENTRO_INTEGRAL_ATENCION, NOMRBE, TELEFONO_SEDE, ID_PERSONA_ENCARGADA, ID_DIRECCION, CORREO_ELECTRONICO) VALUES ('-2', '-6', 'Sede 2', '700511121', '-19', '-9', 'b@b.com');
INSERT INTO sedes_centro_integral_atencion (ID_SEDES_CENTRO_INTEGRAL_ATENC, ID_CENTRO_INTEGRAL_ATENCION, NOMRBE, TELEFONO_SEDE, ID_PERSONA_ENCARGADA, ID_DIRECCION, CORREO_ELECTRONICO) VALUES ('-3', '-7', 'Sede 1', '888888888', '-82', '-10', 'c@c.com');
INSERT INTO sedes_centro_integral_atencion (ID_SEDES_CENTRO_INTEGRAL_ATENC, ID_CENTRO_INTEGRAL_ATENCION, NOMRBE, TELEFONO_SEDE, ID_PERSONA_ENCARGADA, ID_DIRECCION, CORREO_ELECTRONICO) VALUES ('-4', '-7', 'Sede 2', '999999999', '-82', '-11', 'd@d.com');
-- 
--  curso_pedagogico
-- 
INSERT INTO curso_pedagogico (ID_CURSO_PEDAGOGICO, CODIGO_ORGANISMO, ID_PERSONA, ID_TIPO_IDENTIFICACION, NUMERO_IDENTIFICACION, CODIGO_TIPO_CURSO, NUMERO_CURSO_PEDAGOGICO, FECHA_CURSO_PEDAGOGICO, FECHA_REGISTRO_CURSO, ID_SEDES_CENTRO_INTEGRAL_ATENC, AULA_SEDE, NOMBRE1, NOMBRE2, APELLIDO1, APELLIDO2, EDAD, ID_DIRECCION, EMAIL, TELEFONO, CURSO_APLICADO, CODIGO_ORGANISMO_COMPARENDO, CODIGO_INFRACCION, PLACA_VEHICULO, CODIGO_MEDIO_IMPOSICION) VALUES ('-1', '11001', '-82', '1', '10000000083', '1', '132154512', '2014-07-09', '2014-07-08', '-4', NULL, 'nombre_1', NULL, 'apellido_1', NULL, NULL, NULL, NULL, NULL, '1', '11001', NULL, NULL, NULL);
INSERT INTO curso_pedagogico (ID_CURSO_PEDAGOGICO, CODIGO_ORGANISMO, ID_PERSONA, ID_TIPO_IDENTIFICACION, NUMERO_IDENTIFICACION, CODIGO_TIPO_CURSO, NUMERO_CURSO_PEDAGOGICO, FECHA_CURSO_PEDAGOGICO, FECHA_REGISTRO_CURSO, ID_SEDES_CENTRO_INTEGRAL_ATENC, AULA_SEDE, NOMBRE1, NOMBRE2, APELLIDO1, APELLIDO2, EDAD, ID_DIRECCION, EMAIL, TELEFONO, CURSO_APLICADO, CODIGO_ORGANISMO_COMPARENDO, CODIGO_INFRACCION, PLACA_VEHICULO, CODIGO_MEDIO_IMPOSICION) VALUES ('-2', '11001', '-124', '1', '6000001', '2', '132154513', '2014-01-02', '2014-01-02', '-3', NULL, 'nombre_2', NULL, 'apellido_2', NULL, NULL, NULL, NULL, NULL, '0', '11001', NULL, NULL, NULL);
INSERT INTO curso_pedagogico (ID_CURSO_PEDAGOGICO, CODIGO_ORGANISMO, ID_PERSONA, ID_TIPO_IDENTIFICACION, NUMERO_IDENTIFICACION, CODIGO_TIPO_CURSO, NUMERO_CURSO_PEDAGOGICO, FECHA_CURSO_PEDAGOGICO, FECHA_REGISTRO_CURSO, ID_SEDES_CENTRO_INTEGRAL_ATENC, AULA_SEDE, NOMBRE1, NOMBRE2, APELLIDO1, APELLIDO2, EDAD, ID_DIRECCION, EMAIL, TELEFONO, CURSO_APLICADO, CODIGO_ORGANISMO_COMPARENDO, CODIGO_INFRACCION, PLACA_VEHICULO, CODIGO_MEDIO_IMPOSICION) VALUES ('-3', '11001', '-100', '1', '10000000099', '1', '11001000001', '2012-03-05', '2012-03-05', '-4', NULL, 'nombre1_99', 'nombre2_99', 'apellido1_99', 'apellido2_99', NULL, NULL, 'nombre1_99@datatools.com.co', NULL, '0', '11001', NULL, NULL, NULL);
INSERT INTO curso_pedagogico (ID_CURSO_PEDAGOGICO, CODIGO_ORGANISMO, ID_PERSONA, ID_TIPO_IDENTIFICACION, NUMERO_IDENTIFICACION, CODIGO_TIPO_CURSO, NUMERO_CURSO_PEDAGOGICO, FECHA_CURSO_PEDAGOGICO, FECHA_REGISTRO_CURSO, ID_SEDES_CENTRO_INTEGRAL_ATENC, AULA_SEDE, NOMBRE1, NOMBRE2, APELLIDO1, APELLIDO2, EDAD, ID_DIRECCION, EMAIL, TELEFONO, CURSO_APLICADO, CODIGO_ORGANISMO_COMPARENDO, CODIGO_INFRACCION, PLACA_VEHICULO, CODIGO_MEDIO_IMPOSICION) VALUES ('-4', '11001', '-100', '1', '10000000099', '2', '11001000002', '2012-04-05', '2012-04-05', '-4', NULL, 'nombre1_99', 'nombre2_99', 'apellido1_99', 'apellido2_99', NULL, NULL, 'nombre1_99@datatools.com.co', NULL, '0', '11001', NULL, NULL, NULL);
INSERT INTO curso_pedagogico (ID_CURSO_PEDAGOGICO, CODIGO_ORGANISMO, ID_PERSONA, ID_TIPO_IDENTIFICACION, NUMERO_IDENTIFICACION, CODIGO_TIPO_CURSO, NUMERO_CURSO_PEDAGOGICO, FECHA_CURSO_PEDAGOGICO, FECHA_REGISTRO_CURSO, ID_SEDES_CENTRO_INTEGRAL_ATENC, AULA_SEDE, NOMBRE1, NOMBRE2, APELLIDO1, APELLIDO2, EDAD, ID_DIRECCION, EMAIL, TELEFONO, CURSO_APLICADO, CODIGO_ORGANISMO_COMPARENDO, CODIGO_INFRACCION, PLACA_VEHICULO, CODIGO_MEDIO_IMPOSICION) VALUES ('-5', '11001', '-101', '2', '589568561', '1', '132154514', '2010-07-10', '2010-07-10', '-3', NULL, 'Andrés', 'Andrés', 'Díaz', 'Díaz', NULL, NULL, 'andres.diaz@datatools.com.co', NULL, '0', '11001', 'B1', NULL, NULL);
INSERT INTO curso_pedagogico (ID_CURSO_PEDAGOGICO, CODIGO_ORGANISMO, ID_PERSONA, ID_TIPO_IDENTIFICACION, NUMERO_IDENTIFICACION, CODIGO_TIPO_CURSO, NUMERO_CURSO_PEDAGOGICO, FECHA_CURSO_PEDAGOGICO, FECHA_REGISTRO_CURSO, ID_SEDES_CENTRO_INTEGRAL_ATENC, AULA_SEDE, NOMBRE1, NOMBRE2, APELLIDO1, APELLIDO2, EDAD, ID_DIRECCION, EMAIL, TELEFONO, CURSO_APLICADO, CODIGO_ORGANISMO_COMPARENDO, CODIGO_INFRACCION, PLACA_VEHICULO, CODIGO_MEDIO_IMPOSICION) VALUES ('-6', '11001', '-125', '1', '6000002', '1', '10000000003', '2014-04-10', '2014-04-10', '-3', NULL, 'nomb', NULL, 'apel', NULL, NULL, NULL, NULL, NULL, '0', '11001', 'A1', NULL, NULL);
INSERT INTO curso_pedagogico (ID_CURSO_PEDAGOGICO, CODIGO_ORGANISMO, ID_PERSONA, ID_TIPO_IDENTIFICACION, NUMERO_IDENTIFICACION, CODIGO_TIPO_CURSO, NUMERO_CURSO_PEDAGOGICO, FECHA_CURSO_PEDAGOGICO, FECHA_REGISTRO_CURSO, ID_SEDES_CENTRO_INTEGRAL_ATENC, AULA_SEDE, NOMBRE1, NOMBRE2, APELLIDO1, APELLIDO2, EDAD, ID_DIRECCION, EMAIL, TELEFONO, CURSO_APLICADO, CODIGO_ORGANISMO_COMPARENDO, CODIGO_INFRACCION, PLACA_VEHICULO, CODIGO_MEDIO_IMPOSICION) VALUES ('-7', '11001', '-111', '1', '41000008', '1', '10000000004', '2014-03-10', '2014-03-10', '-3', NULL, 'Paez', NULL, 'Liliana', NULL, NULL, NULL, NULL, NULL, '0', '11001', 'T1', NULL, NULL);
INSERT INTO curso_pedagogico (ID_CURSO_PEDAGOGICO, CODIGO_ORGANISMO, ID_PERSONA, ID_TIPO_IDENTIFICACION, NUMERO_IDENTIFICACION, CODIGO_TIPO_CURSO, NUMERO_CURSO_PEDAGOGICO, FECHA_CURSO_PEDAGOGICO, FECHA_REGISTRO_CURSO, ID_SEDES_CENTRO_INTEGRAL_ATENC, AULA_SEDE, NOMBRE1, NOMBRE2, APELLIDO1, APELLIDO2, EDAD, ID_DIRECCION, EMAIL, TELEFONO, CURSO_APLICADO, CODIGO_ORGANISMO_COMPARENDO, CODIGO_INFRACCION, PLACA_VEHICULO, CODIGO_MEDIO_IMPOSICION) VALUES ('-8', '11001', '-101', '2', '589568561', '1', '132154515', '2010-07-10', '2010-07-10', '-3', NULL, 'Andrés', 'Andrés', 'Díaz', 'Díaz', NULL, NULL, 'andres.diaz@datatools.com.co', NULL, '0', '11001', 'C1', NULL, NULL);
INSERT INTO curso_pedagogico (ID_CURSO_PEDAGOGICO, CODIGO_ORGANISMO, ID_PERSONA, ID_TIPO_IDENTIFICACION, NUMERO_IDENTIFICACION, CODIGO_TIPO_CURSO, NUMERO_CURSO_PEDAGOGICO, FECHA_CURSO_PEDAGOGICO, FECHA_REGISTRO_CURSO, ID_SEDES_CENTRO_INTEGRAL_ATENC, AULA_SEDE, NOMBRE1, NOMBRE2, APELLIDO1, APELLIDO2, EDAD, ID_DIRECCION, EMAIL, TELEFONO, CURSO_APLICADO, CODIGO_ORGANISMO_COMPARENDO, CODIGO_INFRACCION, PLACA_VEHICULO, CODIGO_MEDIO_IMPOSICION) VALUES ('-9', '11001', '-111', '1', '41000008', '1', '10000000005', '2012-10-10', '2012-10-10', '-3', NULL, 'Paez', NULL, 'Liliana', NULL, NULL, NULL, NULL, NULL, '0', '11001', 'F1', NULL, NULL);
-- 
--  curso_pedagogico_obligacion
-- 
INSERT INTO curso_pedagogico_obligacion (ID_CURSO_PEDAGOGICO_OBLIG, ID_CURSO_PEDAGOGICO, ID_OBLIGACION, CODIGO_TIPO_OBLIGACION, NUMERO_OBLIGACION, FECHA_OBLIGACION, APLICADO) VALUES ('-1', '-2', '-112', '1', '11001004004004004003', '2014-01-01', '0');
INSERT INTO curso_pedagogico_obligacion (ID_CURSO_PEDAGOGICO_OBLIG, ID_CURSO_PEDAGOGICO, ID_OBLIGACION, CODIGO_TIPO_OBLIGACION, NUMERO_OBLIGACION, FECHA_OBLIGACION, APLICADO) VALUES ('-2', '-3', '-51', '1', '11001000000001000000', '2012-03-05', '0');
INSERT INTO curso_pedagogico_obligacion (ID_CURSO_PEDAGOGICO_OBLIG, ID_CURSO_PEDAGOGICO, ID_OBLIGACION, CODIGO_TIPO_OBLIGACION, NUMERO_OBLIGACION, FECHA_OBLIGACION, APLICADO) VALUES ('-3', '-4', '-52', '1', '11001000000001000001', '2012-04-05', '0');
INSERT INTO curso_pedagogico_obligacion (ID_CURSO_PEDAGOGICO_OBLIG, ID_CURSO_PEDAGOGICO, ID_OBLIGACION, CODIGO_TIPO_OBLIGACION, NUMERO_OBLIGACION, FECHA_OBLIGACION, APLICADO) VALUES ('-4', '-5', '-7', '1', '1000006', '2010-07-05', '0');
INSERT INTO curso_pedagogico_obligacion (ID_CURSO_PEDAGOGICO_OBLIG, ID_CURSO_PEDAGOGICO, ID_OBLIGACION, CODIGO_TIPO_OBLIGACION, NUMERO_OBLIGACION, FECHA_OBLIGACION, APLICADO) VALUES ('-5', '-6', '-100', '1', '11001000000001000049', '2014-04-05', '0');
INSERT INTO curso_pedagogico_obligacion (ID_CURSO_PEDAGOGICO_OBLIG, ID_CURSO_PEDAGOGICO, ID_OBLIGACION, CODIGO_TIPO_OBLIGACION, NUMERO_OBLIGACION, FECHA_OBLIGACION, APLICADO) VALUES ('-6', '-7', '-99', '1', '11001000000001000048', '2014-03-05', '0');
INSERT INTO curso_pedagogico_obligacion (ID_CURSO_PEDAGOGICO_OBLIG, ID_CURSO_PEDAGOGICO, ID_OBLIGACION, CODIGO_TIPO_OBLIGACION, NUMERO_OBLIGACION, FECHA_OBLIGACION, APLICADO) VALUES ('-7', '-8', '-7', '1', '1000006', '2010-07-05', '0');
INSERT INTO curso_pedagogico_obligacion (ID_CURSO_PEDAGOGICO_OBLIG, ID_CURSO_PEDAGOGICO, ID_OBLIGACION, CODIGO_TIPO_OBLIGACION, NUMERO_OBLIGACION, FECHA_OBLIGACION, APLICADO) VALUES ('-8', '-9', '-106', '1', '11001000000080000001', '2012-10-16', '0');