-- 
--  rol
-- 
INSERT INTO rol (ID_ROL, NOMBRE, DESCRIPCION, ACTIVO, ID_ROL_PADRE) VALUES ('-1', 'Administrador Circulemos 2.0', 'Rol con todos los permisos', '1', NULL);
-- 
--  recurso
-- 
INSERT INTO recurso (ID_RECURSO, DESCRIPCION, NOMBRE, ID_TIPO_RECURSO, ID_RECURSO_PADRE, ID_APLICACION) VALUES ('-1', 'Servicios sin autenticacion', 'publicos', NULL, NULL, '2');
INSERT INTO recurso (ID_RECURSO, DESCRIPCION, NOMBRE, ID_TIPO_RECURSO, ID_RECURSO_PADRE, ID_APLICACION) VALUES ('-1000', 'Circulemos 2', 'Circulemos2', NULL, NULL, '2');
INSERT INTO recurso (ID_RECURSO, DESCRIPCION, NOMBRE, ID_TIPO_RECURSO, ID_RECURSO_PADRE, ID_APLICACION) VALUES ('-1001', 'Administración', 'AdministracionC2', NULL, '-1000', '2');
INSERT INTO recurso (ID_RECURSO, DESCRIPCION, NOMBRE, ID_TIPO_RECURSO, ID_RECURSO_PADRE, ID_APLICACION) VALUES ('-1002', 'Personas', 'PersonasC2', NULL, '-1000', '2');
INSERT INTO recurso (ID_RECURSO, DESCRIPCION, NOMBRE, ID_TIPO_RECURSO, ID_RECURSO_PADRE, ID_APLICACION) VALUES ('-1020', 'Comparendos', 'Comparendo', NULL, NULL, '2');
INSERT INTO recurso (ID_RECURSO, DESCRIPCION, NOMBRE, ID_TIPO_RECURSO, ID_RECURSO_PADRE, ID_APLICACION) VALUES ('-1021', 'Administración', 'AdministracionComparendos', NULL, '-1020', '2');
INSERT INTO recurso (ID_RECURSO, DESCRIPCION, NOMBRE, ID_TIPO_RECURSO, ID_RECURSO_PADRE, ID_APLICACION) VALUES ('-1022', 'Consultas', 'ConsultasComparendos', NULL, '-1020', '2');
INSERT INTO recurso (ID_RECURSO, DESCRIPCION, NOMBRE, ID_TIPO_RECURSO, ID_RECURSO_PADRE, ID_APLICACION) VALUES ('-1023', 'Reportes', 'ReportesComparendos', NULL, '-1020', '2');
INSERT INTO recurso (ID_RECURSO, DESCRIPCION, NOMBRE, ID_TIPO_RECURSO, ID_RECURSO_PADRE, ID_APLICACION) VALUES ('-1040', 'Cartera', 'Cartera', NULL, NULL, '2');
INSERT INTO recurso (ID_RECURSO, DESCRIPCION, NOMBRE, ID_TIPO_RECURSO, ID_RECURSO_PADRE, ID_APLICACION) VALUES ('-1041', 'Administración', 'AdministracionCartera', NULL, '-1040', '2');
INSERT INTO recurso (ID_RECURSO, DESCRIPCION, NOMBRE, ID_TIPO_RECURSO, ID_RECURSO_PADRE, ID_APLICACION) VALUES ('-1042', 'Recaudo', 'RecaudoCartera', NULL, '-1040', '2');
INSERT INTO recurso (ID_RECURSO, DESCRIPCION, NOMBRE, ID_TIPO_RECURSO, ID_RECURSO_PADRE, ID_APLICACION) VALUES ('-1043', 'Reportes', 'ReportesCartera', NULL, '-1040', '2');
INSERT INTO recurso (ID_RECURSO, DESCRIPCION, NOMBRE, ID_TIPO_RECURSO, ID_RECURSO_PADRE, ID_APLICACION) VALUES ('-1060', 'Formularios', 'Formularios', NULL, NULL, '2');
INSERT INTO recurso (ID_RECURSO, DESCRIPCION, NOMBRE, ID_TIPO_RECURSO, ID_RECURSO_PADRE, ID_APLICACION) VALUES ('-1061', 'Administración', 'AdministraciónFormularios', NULL, '-1060', '2');
INSERT INTO recurso (ID_RECURSO, DESCRIPCION, NOMBRE, ID_TIPO_RECURSO, ID_RECURSO_PADRE, ID_APLICACION) VALUES ('-2', 'Pagina de inicio', 'main', NULL, '-1', '2');
INSERT INTO recurso (ID_RECURSO, DESCRIPCION, NOMBRE, ID_TIPO_RECURSO, ID_RECURSO_PADRE, ID_APLICACION) VALUES ('-3', 'Pagina recuperación de contraseña', 'recuperacionPw', NULL, '-1', '2');
INSERT INTO recurso (ID_RECURSO, DESCRIPCION, NOMBRE, ID_TIPO_RECURSO, ID_RECURSO_PADRE, ID_APLICACION) VALUES ('-5', 'Administrar Infracciones', 'administracion/infracciones', NULL, '-1021', '2');
INSERT INTO recurso (ID_RECURSO, DESCRIPCION, NOMBRE, ID_TIPO_RECURSO, ID_RECURSO_PADRE, ID_APLICACION) VALUES ('-6', 'Administrar Descuentos', 'administracion/descuentos', NULL, '-1021', '2');
INSERT INTO recurso (ID_RECURSO, DESCRIPCION, NOMBRE, ID_TIPO_RECURSO, ID_RECURSO_PADRE, ID_APLICACION) VALUES ('-7', 'Personas', 'administracion/persona', NULL, '-1002', '2');
INSERT INTO recurso (ID_RECURSO, DESCRIPCION, NOMBRE, ID_TIPO_RECURSO, ID_RECURSO_PADRE, ID_APLICACION) VALUES ('-8', 'Administrar Usuarios', 'administracion/usuarios', NULL, '-1001', '2');
INSERT INTO recurso (ID_RECURSO, DESCRIPCION, NOMBRE, ID_TIPO_RECURSO, ID_RECURSO_PADRE, ID_APLICACION) VALUES ('-9', 'Administrar Funcionarios', 'administracion/funcionarios', NULL, '-1001', '2');
INSERT INTO recurso (ID_RECURSO, DESCRIPCION, NOMBRE, ID_TIPO_RECURSO, ID_RECURSO_PADRE, ID_APLICACION) VALUES ('-10', 'Administrar Correos', 'administracion/correos', NULL, '-1001', '2');
INSERT INTO recurso (ID_RECURSO, DESCRIPCION, NOMBRE, ID_TIPO_RECURSO, ID_RECURSO_PADRE, ID_APLICACION) VALUES ('-11', 'Administrar Entidades CIA', 'administracion/entidades-curso', NULL, '-1021', '2');
INSERT INTO recurso (ID_RECURSO, DESCRIPCION, NOMBRE, ID_TIPO_RECURSO, ID_RECURSO_PADRE, ID_APLICACION) VALUES ('-12', 'Administrar Intereses', 'administracion/intereses', NULL, '-1041', '2');
INSERT INTO recurso (ID_RECURSO, DESCRIPCION, NOMBRE, ID_TIPO_RECURSO, ID_RECURSO_PADRE, ID_APLICACION) VALUES ('-13', 'Administrar Amnistias', 'administracion/amnistias', NULL, '-1021', '2');
INSERT INTO recurso (ID_RECURSO, DESCRIPCION, NOMBRE, ID_TIPO_RECURSO, ID_RECURSO_PADRE, ID_APLICACION) VALUES ('-15', 'Consulta de Comparendos', 'comparendo/consultar-comparendo', NULL, '-1022', '2');
INSERT INTO recurso (ID_RECURSO, DESCRIPCION, NOMBRE, ID_TIPO_RECURSO, ID_RECURSO_PADRE, ID_APLICACION) VALUES ('-16', 'Reporte de Inconsistencias de Comparendo', 'comparendo/reporte-inconsistencias', NULL, '-1022', '2');
INSERT INTO recurso (ID_RECURSO, DESCRIPCION, NOMBRE, ID_TIPO_RECURSO, ID_RECURSO_PADRE, ID_APLICACION) VALUES ('-17', 'Consulta Seguimiento de Comparendo', 'comparendo/seguimiento', NULL, '-1022', '2');
INSERT INTO recurso (ID_RECURSO, DESCRIPCION, NOMBRE, ID_TIPO_RECURSO, ID_RECURSO_PADRE, ID_APLICACION) VALUES ('-18', 'Consulta Actos Administrativos Comparendo', 'comparendo/resolucion', NULL, '-1022', '2');
INSERT INTO recurso (ID_RECURSO, DESCRIPCION, NOMBRE, ID_TIPO_RECURSO, ID_RECURSO_PADRE, ID_APLICACION) VALUES ('-20', 'Carga de Archivo Asobancaria', 'cartera/recaudo/asobancaria', NULL, '-1042', '2');
INSERT INTO recurso (ID_RECURSO, DESCRIPCION, NOMBRE, ID_TIPO_RECURSO, ID_RECURSO_PADRE, ID_APLICACION) VALUES ('-22', 'Consulta Obligaciones por Pagar', 'servicios/obligaciones', NULL, '-1022', '2');
INSERT INTO recurso (ID_RECURSO, DESCRIPCION, NOMBRE, ID_TIPO_RECURSO, ID_RECURSO_PADRE, ID_APLICACION) VALUES ('-23', 'Detalle comparendo', 'comparendo/detalle-comparendo', NULL, '-1022', '2');
INSERT INTO recurso (ID_RECURSO, DESCRIPCION, NOMBRE, ID_TIPO_RECURSO, ID_RECURSO_PADRE, ID_APLICACION) VALUES ('-24', 'Dirección', 'administracion/direccion', NULL, '-1001', '2');
INSERT INTO recurso (ID_RECURSO, DESCRIPCION, NOMBRE, ID_TIPO_RECURSO, ID_RECURSO_PADRE, ID_APLICACION) VALUES ('-25', 'Administrar Calendario', 'administracion/calendario', NULL, '-1001', '2');
INSERT INTO recurso (ID_RECURSO, DESCRIPCION, NOMBRE, ID_TIPO_RECURSO, ID_RECURSO_PADRE, ID_APLICACION) VALUES ('-26', 'Solicitudes Saldo a Favor', 'cartera/solicitud-saldo-favor', NULL, '-1042', '2');
INSERT INTO recurso (ID_RECURSO, DESCRIPCION, NOMBRE, ID_TIPO_RECURSO, ID_RECURSO_PADRE, ID_APLICACION) VALUES ('-28', 'Reporte Solicitudes Devolución Saldo a Favor', 'cartera/reportes/reporte-solicitudes-devolucion', NULL, '-1043', '2');
INSERT INTO recurso (ID_RECURSO, DESCRIPCION, NOMBRE, ID_TIPO_RECURSO, ID_RECURSO_PADRE, ID_APLICACION) VALUES ('-29', 'Datos Persona Fuente Externa', 'administracion/persona-fuente-externa', NULL, '-1002', '2');
INSERT INTO recurso (ID_RECURSO, DESCRIPCION, NOMBRE, ID_TIPO_RECURSO, ID_RECURSO_PADRE, ID_APLICACION) VALUES ('-30', 'Aprobar Solicitudes Saldo a Favor', 'cartera/aprobar-solicitud-devolucion', NULL, '-1042', '2');
INSERT INTO recurso (ID_RECURSO, DESCRIPCION, NOMBRE, ID_TIPO_RECURSO, ID_RECURSO_PADRE, ID_APLICACION) VALUES ('-31', 'Reporte Comparendos Policía', 'comparendo/reporte-comparendo-policia', NULL, '-1023', '2');
INSERT INTO recurso (ID_RECURSO, DESCRIPCION, NOMBRE, ID_TIPO_RECURSO, ID_RECURSO_PADRE, ID_APLICACION) VALUES ('-33', 'Numeración', 'formularios/numeracion', NULL, '-1061', '2');
INSERT INTO recurso (ID_RECURSO, DESCRIPCION, NOMBRE, ID_TIPO_RECURSO, ID_RECURSO_PADRE, ID_APLICACION) VALUES ('-34', 'Responsable Formularios', 'formularios/responsable-formulario', NULL, '-1061', '2');
INSERT INTO recurso (ID_RECURSO, DESCRIPCION, NOMBRE, ID_TIPO_RECURSO, ID_RECURSO_PADRE, ID_APLICACION) VALUES ('-35', 'Relaciones de Estados', 'formularios/relacion-estados', NULL, '-1061', '2');
INSERT INTO recurso (ID_RECURSO, DESCRIPCION, NOMBRE, ID_TIPO_RECURSO, ID_RECURSO_PADRE, ID_APLICACION) VALUES ('-36', 'Administrar Conceptos de Cartera', 'administracion/conceptos-cartera', NULL, '-1041', '2');
INSERT INTO recurso (ID_RECURSO, DESCRIPCION, NOMBRE, ID_TIPO_RECURSO, ID_RECURSO_PADRE, ID_APLICACION) VALUES ('-37', 'Administrar Tarifas', 'administracion/tarifas', NULL, '-1021', '2');
INSERT INTO recurso (ID_RECURSO, DESCRIPCION, NOMBRE, ID_TIPO_RECURSO, ID_RECURSO_PADRE, ID_APLICACION) VALUES ('-38', 'Organismos de Tránsito', 'administracion/organismos-transito', NULL, '-1001', '2');
INSERT INTO recurso (ID_RECURSO, DESCRIPCION, NOMBRE, ID_TIPO_RECURSO, ID_RECURSO_PADRE, ID_APLICACION) VALUES ('-39', 'Stock Tipo Asignación', 'formularios/stock-tipo-asignacion', NULL, '-1061', '2');
INSERT INTO recurso (ID_RECURSO, DESCRIPCION, NOMBRE, ID_TIPO_RECURSO, ID_RECURSO_PADRE, ID_APLICACION) VALUES ('-40', 'Rangos', 'formularios/rangos', NULL, '-1061', '2');
INSERT INTO recurso (ID_RECURSO, DESCRIPCION, NOMBRE, ID_TIPO_RECURSO, ID_RECURSO_PADRE, ID_APLICACION) VALUES ('-41', 'Cambios estados de formularios', 'formularios/cambio-estados', NULL, '-1060', '2');
INSERT INTO recurso (ID_RECURSO, DESCRIPCION, NOMBRE, ID_TIPO_RECURSO, ID_RECURSO_PADRE, ID_APLICACION) VALUES ('-42', 'Asignaciones de formularios', 'formularios/asignacion', NULL, '-1060', '2');
INSERT INTO recurso (ID_RECURSO, DESCRIPCION, NOMBRE, ID_TIPO_RECURSO, ID_RECURSO_PADRE, ID_APLICACION) VALUES ('-43', 'Reasignaciones de formularios', 'formularios/reasignacion', NULL, '-1060', '2');
INSERT INTO recurso (ID_RECURSO, DESCRIPCION, NOMBRE, ID_TIPO_RECURSO, ID_RECURSO_PADRE, ID_APLICACION) VALUES ('-44', 'Devoluciones de formularios', 'formularios/devolucion', NULL, '-1060', '2');
INSERT INTO recurso (ID_RECURSO, DESCRIPCION, NOMBRE, ID_TIPO_RECURSO, ID_RECURSO_PADRE, ID_APLICACION) VALUES ('-45', 'Extravío de formularios', 'formularios/extravio', NULL, '-1060', '2');
INSERT INTO recurso (ID_RECURSO, DESCRIPCION, NOMBRE, ID_TIPO_RECURSO, ID_RECURSO_PADRE, ID_APLICACION) VALUES ('-46', 'Deterioro de formularios', 'formularios/deterioro', NULL, '-1060', '2');
INSERT INTO recurso (ID_RECURSO, DESCRIPCION, NOMBRE, ID_TIPO_RECURSO, ID_RECURSO_PADRE, ID_APLICACION) VALUES ('-47', 'Radicación de formularios', 'formularios/radicacion', NULL, '-1060', '2');
INSERT INTO recurso (ID_RECURSO, DESCRIPCION, NOMBRE, ID_TIPO_RECURSO, ID_RECURSO_PADRE, ID_APLICACION) VALUES ('-48', 'Administrar Catálogos simples', 'administracion/catalogo-simple', NULL, '-1001', '2');
INSERT INTO recurso (ID_RECURSO, DESCRIPCION, NOMBRE, ID_TIPO_RECURSO, ID_RECURSO_PADRE, ID_APLICACION) VALUES ('-49', 'Cambio estado de formularios masivo', 'formularios/cambio-estado-masivo', NULL, '-1060', '2');
INSERT INTO recurso (ID_RECURSO, DESCRIPCION, NOMBRE, ID_TIPO_RECURSO, ID_RECURSO_PADRE, ID_APLICACION) VALUES ('-50', 'Administrar Catálogos compuestos', 'administracion/catalogo-compuesto', NULL, '-1001', '2');
INSERT INTO recurso (ID_RECURSO, DESCRIPCION, NOMBRE, ID_TIPO_RECURSO, ID_RECURSO_PADRE, ID_APLICACION) VALUES ('-51', 'Parametrización Configuraciones', 'parametros/configuraciones', NULL, '-1001', '2');
-- 
--  recurso_operacion
-- 
INSERT INTO recurso_operacion (ID_RECURSO_OPERACION, ID_RECURSO, ID_OPERACION) VALUES ('-1', '-2', '1');
INSERT INTO recurso_operacion (ID_RECURSO_OPERACION, ID_RECURSO, ID_OPERACION) VALUES ('-2', '-3', '1');
INSERT INTO recurso_operacion (ID_RECURSO_OPERACION, ID_RECURSO, ID_OPERACION) VALUES ('-3', '-5', '1');
INSERT INTO recurso_operacion (ID_RECURSO_OPERACION, ID_RECURSO, ID_OPERACION) VALUES ('-4', '-5', '2');
INSERT INTO recurso_operacion (ID_RECURSO_OPERACION, ID_RECURSO, ID_OPERACION) VALUES ('-5', '-5', '3');
INSERT INTO recurso_operacion (ID_RECURSO_OPERACION, ID_RECURSO, ID_OPERACION) VALUES ('-6', '-5', '4');
INSERT INTO recurso_operacion (ID_RECURSO_OPERACION, ID_RECURSO, ID_OPERACION) VALUES ('-7', '-5', '5');
INSERT INTO recurso_operacion (ID_RECURSO_OPERACION, ID_RECURSO, ID_OPERACION) VALUES ('-8', '-6', '1');
INSERT INTO recurso_operacion (ID_RECURSO_OPERACION, ID_RECURSO, ID_OPERACION) VALUES ('-9', '-6', '2');
INSERT INTO recurso_operacion (ID_RECURSO_OPERACION, ID_RECURSO, ID_OPERACION) VALUES ('-10', '-6', '3');
INSERT INTO recurso_operacion (ID_RECURSO_OPERACION, ID_RECURSO, ID_OPERACION) VALUES ('-11', '-6', '4');
INSERT INTO recurso_operacion (ID_RECURSO_OPERACION, ID_RECURSO, ID_OPERACION) VALUES ('-12', '-6', '5');
INSERT INTO recurso_operacion (ID_RECURSO_OPERACION, ID_RECURSO, ID_OPERACION) VALUES ('-13', '-7', '1');
INSERT INTO recurso_operacion (ID_RECURSO_OPERACION, ID_RECURSO, ID_OPERACION) VALUES ('-14', '-7', '2');
INSERT INTO recurso_operacion (ID_RECURSO_OPERACION, ID_RECURSO, ID_OPERACION) VALUES ('-15', '-7', '3');
INSERT INTO recurso_operacion (ID_RECURSO_OPERACION, ID_RECURSO, ID_OPERACION) VALUES ('-16', '-7', '5');
INSERT INTO recurso_operacion (ID_RECURSO_OPERACION, ID_RECURSO, ID_OPERACION) VALUES ('-17', '-8', '1');
INSERT INTO recurso_operacion (ID_RECURSO_OPERACION, ID_RECURSO, ID_OPERACION) VALUES ('-18', '-8', '2');
INSERT INTO recurso_operacion (ID_RECURSO_OPERACION, ID_RECURSO, ID_OPERACION) VALUES ('-19', '-8', '3');
INSERT INTO recurso_operacion (ID_RECURSO_OPERACION, ID_RECURSO, ID_OPERACION) VALUES ('-20', '-8', '4');
INSERT INTO recurso_operacion (ID_RECURSO_OPERACION, ID_RECURSO, ID_OPERACION) VALUES ('-21', '-8', '5');
INSERT INTO recurso_operacion (ID_RECURSO_OPERACION, ID_RECURSO, ID_OPERACION) VALUES ('-22', '-9', '1');
INSERT INTO recurso_operacion (ID_RECURSO_OPERACION, ID_RECURSO, ID_OPERACION) VALUES ('-23', '-9', '2');
INSERT INTO recurso_operacion (ID_RECURSO_OPERACION, ID_RECURSO, ID_OPERACION) VALUES ('-24', '-9', '3');
INSERT INTO recurso_operacion (ID_RECURSO_OPERACION, ID_RECURSO, ID_OPERACION) VALUES ('-25', '-9', '4');
INSERT INTO recurso_operacion (ID_RECURSO_OPERACION, ID_RECURSO, ID_OPERACION) VALUES ('-26', '-9', '5');
INSERT INTO recurso_operacion (ID_RECURSO_OPERACION, ID_RECURSO, ID_OPERACION) VALUES ('-27', '-10', '1');
INSERT INTO recurso_operacion (ID_RECURSO_OPERACION, ID_RECURSO, ID_OPERACION) VALUES ('-28', '-10', '2');
INSERT INTO recurso_operacion (ID_RECURSO_OPERACION, ID_RECURSO, ID_OPERACION) VALUES ('-29', '-10', '3');
INSERT INTO recurso_operacion (ID_RECURSO_OPERACION, ID_RECURSO, ID_OPERACION) VALUES ('-30', '-10', '4');
INSERT INTO recurso_operacion (ID_RECURSO_OPERACION, ID_RECURSO, ID_OPERACION) VALUES ('-31', '-10', '5');
INSERT INTO recurso_operacion (ID_RECURSO_OPERACION, ID_RECURSO, ID_OPERACION) VALUES ('-32', '-11', '1');
INSERT INTO recurso_operacion (ID_RECURSO_OPERACION, ID_RECURSO, ID_OPERACION) VALUES ('-33', '-11', '2');
INSERT INTO recurso_operacion (ID_RECURSO_OPERACION, ID_RECURSO, ID_OPERACION) VALUES ('-34', '-11', '3');
INSERT INTO recurso_operacion (ID_RECURSO_OPERACION, ID_RECURSO, ID_OPERACION) VALUES ('-35', '-11', '4');
INSERT INTO recurso_operacion (ID_RECURSO_OPERACION, ID_RECURSO, ID_OPERACION) VALUES ('-36', '-11', '5');
INSERT INTO recurso_operacion (ID_RECURSO_OPERACION, ID_RECURSO, ID_OPERACION) VALUES ('-37', '-12', '1');
INSERT INTO recurso_operacion (ID_RECURSO_OPERACION, ID_RECURSO, ID_OPERACION) VALUES ('-38', '-12', '2');
INSERT INTO recurso_operacion (ID_RECURSO_OPERACION, ID_RECURSO, ID_OPERACION) VALUES ('-39', '-12', '3');
INSERT INTO recurso_operacion (ID_RECURSO_OPERACION, ID_RECURSO, ID_OPERACION) VALUES ('-40', '-12', '4');
INSERT INTO recurso_operacion (ID_RECURSO_OPERACION, ID_RECURSO, ID_OPERACION) VALUES ('-41', '-12', '5');
INSERT INTO recurso_operacion (ID_RECURSO_OPERACION, ID_RECURSO, ID_OPERACION) VALUES ('-42', '-13', '1');
INSERT INTO recurso_operacion (ID_RECURSO_OPERACION, ID_RECURSO, ID_OPERACION) VALUES ('-43', '-13', '2');
INSERT INTO recurso_operacion (ID_RECURSO_OPERACION, ID_RECURSO, ID_OPERACION) VALUES ('-44', '-13', '3');
INSERT INTO recurso_operacion (ID_RECURSO_OPERACION, ID_RECURSO, ID_OPERACION) VALUES ('-45', '-13', '4');
INSERT INTO recurso_operacion (ID_RECURSO_OPERACION, ID_RECURSO, ID_OPERACION) VALUES ('-46', '-13', '5');
INSERT INTO recurso_operacion (ID_RECURSO_OPERACION, ID_RECURSO, ID_OPERACION) VALUES ('-47', '-15', '1');
INSERT INTO recurso_operacion (ID_RECURSO_OPERACION, ID_RECURSO, ID_OPERACION) VALUES ('-48', '-15', '3');
INSERT INTO recurso_operacion (ID_RECURSO_OPERACION, ID_RECURSO, ID_OPERACION) VALUES ('-49', '-16', '1');
INSERT INTO recurso_operacion (ID_RECURSO_OPERACION, ID_RECURSO, ID_OPERACION) VALUES ('-50', '-16', '3');
INSERT INTO recurso_operacion (ID_RECURSO_OPERACION, ID_RECURSO, ID_OPERACION) VALUES ('-51', '-17', '1');
INSERT INTO recurso_operacion (ID_RECURSO_OPERACION, ID_RECURSO, ID_OPERACION) VALUES ('-52', '-17', '3');
INSERT INTO recurso_operacion (ID_RECURSO_OPERACION, ID_RECURSO, ID_OPERACION) VALUES ('-53', '-18', '1');
INSERT INTO recurso_operacion (ID_RECURSO_OPERACION, ID_RECURSO, ID_OPERACION) VALUES ('-54', '-18', '3');
INSERT INTO recurso_operacion (ID_RECURSO_OPERACION, ID_RECURSO, ID_OPERACION) VALUES ('-55', '-20', '1');
INSERT INTO recurso_operacion (ID_RECURSO_OPERACION, ID_RECURSO, ID_OPERACION) VALUES ('-56', '-22', '1');
INSERT INTO recurso_operacion (ID_RECURSO_OPERACION, ID_RECURSO, ID_OPERACION) VALUES ('-57', '-22', '3');
INSERT INTO recurso_operacion (ID_RECURSO_OPERACION, ID_RECURSO, ID_OPERACION) VALUES ('-58', '-23', '1');
INSERT INTO recurso_operacion (ID_RECURSO_OPERACION, ID_RECURSO, ID_OPERACION) VALUES ('-59', '-23', '3');
INSERT INTO recurso_operacion (ID_RECURSO_OPERACION, ID_RECURSO, ID_OPERACION) VALUES ('-60', '-24', '1');
INSERT INTO recurso_operacion (ID_RECURSO_OPERACION, ID_RECURSO, ID_OPERACION) VALUES ('-61', '-25', '1');
INSERT INTO recurso_operacion (ID_RECURSO_OPERACION, ID_RECURSO, ID_OPERACION) VALUES ('-62', '-25', '2');
INSERT INTO recurso_operacion (ID_RECURSO_OPERACION, ID_RECURSO, ID_OPERACION) VALUES ('-63', '-25', '3');
INSERT INTO recurso_operacion (ID_RECURSO_OPERACION, ID_RECURSO, ID_OPERACION) VALUES ('-64', '-25', '4');
INSERT INTO recurso_operacion (ID_RECURSO_OPERACION, ID_RECURSO, ID_OPERACION) VALUES ('-65', '-25', '5');
INSERT INTO recurso_operacion (ID_RECURSO_OPERACION, ID_RECURSO, ID_OPERACION) VALUES ('-66', '-26', '1');
INSERT INTO recurso_operacion (ID_RECURSO_OPERACION, ID_RECURSO, ID_OPERACION) VALUES ('-67', '-26', '3');
INSERT INTO recurso_operacion (ID_RECURSO_OPERACION, ID_RECURSO, ID_OPERACION) VALUES ('-68', '-26', '5');
INSERT INTO recurso_operacion (ID_RECURSO_OPERACION, ID_RECURSO, ID_OPERACION) VALUES ('-69', '-26', '6');
INSERT INTO recurso_operacion (ID_RECURSO_OPERACION, ID_RECURSO, ID_OPERACION) VALUES ('-70', '-26', '7');
INSERT INTO recurso_operacion (ID_RECURSO_OPERACION, ID_RECURSO, ID_OPERACION) VALUES ('-71', '-26', '8');
INSERT INTO recurso_operacion (ID_RECURSO_OPERACION, ID_RECURSO, ID_OPERACION) VALUES ('-72', '-28', '1');
INSERT INTO recurso_operacion (ID_RECURSO_OPERACION, ID_RECURSO, ID_OPERACION) VALUES ('-73', '-28', '3');
INSERT INTO recurso_operacion (ID_RECURSO_OPERACION, ID_RECURSO, ID_OPERACION) VALUES ('-74', '-29', '1');
INSERT INTO recurso_operacion (ID_RECURSO_OPERACION, ID_RECURSO, ID_OPERACION) VALUES ('-75', '-29', '3');
INSERT INTO recurso_operacion (ID_RECURSO_OPERACION, ID_RECURSO, ID_OPERACION) VALUES ('-76', '-30', '1');
INSERT INTO recurso_operacion (ID_RECURSO_OPERACION, ID_RECURSO, ID_OPERACION) VALUES ('-77', '-30', '3');
INSERT INTO recurso_operacion (ID_RECURSO_OPERACION, ID_RECURSO, ID_OPERACION) VALUES ('-78', '-30', '9');
INSERT INTO recurso_operacion (ID_RECURSO_OPERACION, ID_RECURSO, ID_OPERACION) VALUES ('-79', '-30', '10');
INSERT INTO recurso_operacion (ID_RECURSO_OPERACION, ID_RECURSO, ID_OPERACION) VALUES ('-80', '-26', '11');
INSERT INTO recurso_operacion (ID_RECURSO_OPERACION, ID_RECURSO, ID_OPERACION) VALUES ('-81', '-31', '1');
INSERT INTO recurso_operacion (ID_RECURSO_OPERACION, ID_RECURSO, ID_OPERACION) VALUES ('-82', '-31', '3');
INSERT INTO recurso_operacion (ID_RECURSO_OPERACION, ID_RECURSO, ID_OPERACION) VALUES ('-83', '-33', '1');
INSERT INTO recurso_operacion (ID_RECURSO_OPERACION, ID_RECURSO, ID_OPERACION) VALUES ('-84', '-33', '2');
INSERT INTO recurso_operacion (ID_RECURSO_OPERACION, ID_RECURSO, ID_OPERACION) VALUES ('-85', '-33', '3');
INSERT INTO recurso_operacion (ID_RECURSO_OPERACION, ID_RECURSO, ID_OPERACION) VALUES ('-86', '-33', '4');
INSERT INTO recurso_operacion (ID_RECURSO_OPERACION, ID_RECURSO, ID_OPERACION) VALUES ('-87', '-33', '5');
INSERT INTO recurso_operacion (ID_RECURSO_OPERACION, ID_RECURSO, ID_OPERACION) VALUES ('-88', '-34', '1');
INSERT INTO recurso_operacion (ID_RECURSO_OPERACION, ID_RECURSO, ID_OPERACION) VALUES ('-89', '-34', '2');
INSERT INTO recurso_operacion (ID_RECURSO_OPERACION, ID_RECURSO, ID_OPERACION) VALUES ('-90', '-34', '3');
INSERT INTO recurso_operacion (ID_RECURSO_OPERACION, ID_RECURSO, ID_OPERACION) VALUES ('-91', '-34', '4');
INSERT INTO recurso_operacion (ID_RECURSO_OPERACION, ID_RECURSO, ID_OPERACION) VALUES ('-92', '-34', '5');
INSERT INTO recurso_operacion (ID_RECURSO_OPERACION, ID_RECURSO, ID_OPERACION) VALUES ('-93', '-35', '1');
INSERT INTO recurso_operacion (ID_RECURSO_OPERACION, ID_RECURSO, ID_OPERACION) VALUES ('-94', '-35', '2');
INSERT INTO recurso_operacion (ID_RECURSO_OPERACION, ID_RECURSO, ID_OPERACION) VALUES ('-95', '-35', '3');
INSERT INTO recurso_operacion (ID_RECURSO_OPERACION, ID_RECURSO, ID_OPERACION) VALUES ('-96', '-35', '4');
INSERT INTO recurso_operacion (ID_RECURSO_OPERACION, ID_RECURSO, ID_OPERACION) VALUES ('-97', '-35', '5');
INSERT INTO recurso_operacion (ID_RECURSO_OPERACION, ID_RECURSO, ID_OPERACION) VALUES ('-98', '-37', '1');
INSERT INTO recurso_operacion (ID_RECURSO_OPERACION, ID_RECURSO, ID_OPERACION) VALUES ('-99', '-37', '2');
INSERT INTO recurso_operacion (ID_RECURSO_OPERACION, ID_RECURSO, ID_OPERACION) VALUES ('-100', '-36', '1');
INSERT INTO recurso_operacion (ID_RECURSO_OPERACION, ID_RECURSO, ID_OPERACION) VALUES ('-101', '-36', '2');
INSERT INTO recurso_operacion (ID_RECURSO_OPERACION, ID_RECURSO, ID_OPERACION) VALUES ('-102', '-36', '3');
INSERT INTO recurso_operacion (ID_RECURSO_OPERACION, ID_RECURSO, ID_OPERACION) VALUES ('-103', '-36', '4');
INSERT INTO recurso_operacion (ID_RECURSO_OPERACION, ID_RECURSO, ID_OPERACION) VALUES ('-104', '-36', '5');
INSERT INTO recurso_operacion (ID_RECURSO_OPERACION, ID_RECURSO, ID_OPERACION) VALUES ('-105', '-38', '1');
INSERT INTO recurso_operacion (ID_RECURSO_OPERACION, ID_RECURSO, ID_OPERACION) VALUES ('-106', '-38', '2');
INSERT INTO recurso_operacion (ID_RECURSO_OPERACION, ID_RECURSO, ID_OPERACION) VALUES ('-107', '-38', '3');
INSERT INTO recurso_operacion (ID_RECURSO_OPERACION, ID_RECURSO, ID_OPERACION) VALUES ('-108', '-38', '4');
INSERT INTO recurso_operacion (ID_RECURSO_OPERACION, ID_RECURSO, ID_OPERACION) VALUES ('-109', '-38', '5');
INSERT INTO recurso_operacion (ID_RECURSO_OPERACION, ID_RECURSO, ID_OPERACION) VALUES ('-110', '-39', '1');
INSERT INTO recurso_operacion (ID_RECURSO_OPERACION, ID_RECURSO, ID_OPERACION) VALUES ('-111', '-39', '2');
INSERT INTO recurso_operacion (ID_RECURSO_OPERACION, ID_RECURSO, ID_OPERACION) VALUES ('-112', '-39', '3');
INSERT INTO recurso_operacion (ID_RECURSO_OPERACION, ID_RECURSO, ID_OPERACION) VALUES ('-113', '-39', '4');
INSERT INTO recurso_operacion (ID_RECURSO_OPERACION, ID_RECURSO, ID_OPERACION) VALUES ('-114', '-39', '5');
INSERT INTO recurso_operacion (ID_RECURSO_OPERACION, ID_RECURSO, ID_OPERACION) VALUES ('-115', '-15', '5');
INSERT INTO recurso_operacion (ID_RECURSO_OPERACION, ID_RECURSO, ID_OPERACION) VALUES ('-116', '-16', '5');
INSERT INTO recurso_operacion (ID_RECURSO_OPERACION, ID_RECURSO, ID_OPERACION) VALUES ('-117', '-40', '1');
INSERT INTO recurso_operacion (ID_RECURSO_OPERACION, ID_RECURSO, ID_OPERACION) VALUES ('-118', '-40', '2');
INSERT INTO recurso_operacion (ID_RECURSO_OPERACION, ID_RECURSO, ID_OPERACION) VALUES ('-119', '-40', '3');
INSERT INTO recurso_operacion (ID_RECURSO_OPERACION, ID_RECURSO, ID_OPERACION) VALUES ('-120', '-40', '4');
INSERT INTO recurso_operacion (ID_RECURSO_OPERACION, ID_RECURSO, ID_OPERACION) VALUES ('-121', '-40', '5');
INSERT INTO recurso_operacion (ID_RECURSO_OPERACION, ID_RECURSO, ID_OPERACION) VALUES ('-122', '-41', '1');
INSERT INTO recurso_operacion (ID_RECURSO_OPERACION, ID_RECURSO, ID_OPERACION) VALUES ('-123', '-41', '12');
INSERT INTO recurso_operacion (ID_RECURSO_OPERACION, ID_RECURSO, ID_OPERACION) VALUES ('-124', '-41', '13');
INSERT INTO recurso_operacion (ID_RECURSO_OPERACION, ID_RECURSO, ID_OPERACION) VALUES ('-125', '-41', '14');
INSERT INTO recurso_operacion (ID_RECURSO_OPERACION, ID_RECURSO, ID_OPERACION) VALUES ('-126', '-41', '15');
INSERT INTO recurso_operacion (ID_RECURSO_OPERACION, ID_RECURSO, ID_OPERACION) VALUES ('-127', '-41', '16');
INSERT INTO recurso_operacion (ID_RECURSO_OPERACION, ID_RECURSO, ID_OPERACION) VALUES ('-128', '-41', '17');
INSERT INTO recurso_operacion (ID_RECURSO_OPERACION, ID_RECURSO, ID_OPERACION) VALUES ('-129', '-42', '1');
INSERT INTO recurso_operacion (ID_RECURSO_OPERACION, ID_RECURSO, ID_OPERACION) VALUES ('-130', '-42', '2');
INSERT INTO recurso_operacion (ID_RECURSO_OPERACION, ID_RECURSO, ID_OPERACION) VALUES ('-131', '-42', '3');
INSERT INTO recurso_operacion (ID_RECURSO_OPERACION, ID_RECURSO, ID_OPERACION) VALUES ('-132', '-42', '4');
INSERT INTO recurso_operacion (ID_RECURSO_OPERACION, ID_RECURSO, ID_OPERACION) VALUES ('-133', '-42', '5');
INSERT INTO recurso_operacion (ID_RECURSO_OPERACION, ID_RECURSO, ID_OPERACION) VALUES ('-134', '-43', '1');
INSERT INTO recurso_operacion (ID_RECURSO_OPERACION, ID_RECURSO, ID_OPERACION) VALUES ('-135', '-43', '2');
INSERT INTO recurso_operacion (ID_RECURSO_OPERACION, ID_RECURSO, ID_OPERACION) VALUES ('-136', '-43', '3');
INSERT INTO recurso_operacion (ID_RECURSO_OPERACION, ID_RECURSO, ID_OPERACION) VALUES ('-137', '-43', '4');
INSERT INTO recurso_operacion (ID_RECURSO_OPERACION, ID_RECURSO, ID_OPERACION) VALUES ('-138', '-43', '5');
INSERT INTO recurso_operacion (ID_RECURSO_OPERACION, ID_RECURSO, ID_OPERACION) VALUES ('-139', '-44', '1');
INSERT INTO recurso_operacion (ID_RECURSO_OPERACION, ID_RECURSO, ID_OPERACION) VALUES ('-140', '-44', '2');
INSERT INTO recurso_operacion (ID_RECURSO_OPERACION, ID_RECURSO, ID_OPERACION) VALUES ('-141', '-44', '3');
INSERT INTO recurso_operacion (ID_RECURSO_OPERACION, ID_RECURSO, ID_OPERACION) VALUES ('-142', '-44', '4');
INSERT INTO recurso_operacion (ID_RECURSO_OPERACION, ID_RECURSO, ID_OPERACION) VALUES ('-143', '-44', '5');
INSERT INTO recurso_operacion (ID_RECURSO_OPERACION, ID_RECURSO, ID_OPERACION) VALUES ('-144', '-45', '1');
INSERT INTO recurso_operacion (ID_RECURSO_OPERACION, ID_RECURSO, ID_OPERACION) VALUES ('-145', '-45', '2');
INSERT INTO recurso_operacion (ID_RECURSO_OPERACION, ID_RECURSO, ID_OPERACION) VALUES ('-146', '-45', '3');
INSERT INTO recurso_operacion (ID_RECURSO_OPERACION, ID_RECURSO, ID_OPERACION) VALUES ('-147', '-45', '4');
INSERT INTO recurso_operacion (ID_RECURSO_OPERACION, ID_RECURSO, ID_OPERACION) VALUES ('-148', '-46', '1');
INSERT INTO recurso_operacion (ID_RECURSO_OPERACION, ID_RECURSO, ID_OPERACION) VALUES ('-149', '-46', '2');
INSERT INTO recurso_operacion (ID_RECURSO_OPERACION, ID_RECURSO, ID_OPERACION) VALUES ('-150', '-46', '3');
INSERT INTO recurso_operacion (ID_RECURSO_OPERACION, ID_RECURSO, ID_OPERACION) VALUES ('-151', '-46', '4');
INSERT INTO recurso_operacion (ID_RECURSO_OPERACION, ID_RECURSO, ID_OPERACION) VALUES ('-152', '-47', '1');
INSERT INTO recurso_operacion (ID_RECURSO_OPERACION, ID_RECURSO, ID_OPERACION) VALUES ('-153', '-47', '2');
INSERT INTO recurso_operacion (ID_RECURSO_OPERACION, ID_RECURSO, ID_OPERACION) VALUES ('-154', '-47', '3');
INSERT INTO recurso_operacion (ID_RECURSO_OPERACION, ID_RECURSO, ID_OPERACION) VALUES ('-155', '-47', '4');
INSERT INTO recurso_operacion (ID_RECURSO_OPERACION, ID_RECURSO, ID_OPERACION) VALUES ('-156', '-48', '1');
INSERT INTO recurso_operacion (ID_RECURSO_OPERACION, ID_RECURSO, ID_OPERACION) VALUES ('-157', '-48', '2');
INSERT INTO recurso_operacion (ID_RECURSO_OPERACION, ID_RECURSO, ID_OPERACION) VALUES ('-158', '-48', '3');
INSERT INTO recurso_operacion (ID_RECURSO_OPERACION, ID_RECURSO, ID_OPERACION) VALUES ('-159', '-48', '4');
INSERT INTO recurso_operacion (ID_RECURSO_OPERACION, ID_RECURSO, ID_OPERACION) VALUES ('-160', '-49', '1');
INSERT INTO recurso_operacion (ID_RECURSO_OPERACION, ID_RECURSO, ID_OPERACION) VALUES ('-161', '-49', '3');
INSERT INTO recurso_operacion (ID_RECURSO_OPERACION, ID_RECURSO, ID_OPERACION) VALUES ('-162', '-49', '15');
INSERT INTO recurso_operacion (ID_RECURSO_OPERACION, ID_RECURSO, ID_OPERACION) VALUES ('-163', '-49', '16');
INSERT INTO recurso_operacion (ID_RECURSO_OPERACION, ID_RECURSO, ID_OPERACION) VALUES ('-164', '-50', '1');
INSERT INTO recurso_operacion (ID_RECURSO_OPERACION, ID_RECURSO, ID_OPERACION) VALUES ('-165', '-50', '2');
INSERT INTO recurso_operacion (ID_RECURSO_OPERACION, ID_RECURSO, ID_OPERACION) VALUES ('-166', '-50', '3');
INSERT INTO recurso_operacion (ID_RECURSO_OPERACION, ID_RECURSO, ID_OPERACION) VALUES ('-167', '-50', '4');
INSERT INTO recurso_operacion (ID_RECURSO_OPERACION, ID_RECURSO, ID_OPERACION) VALUES ('-168', '-51', '1');
INSERT INTO recurso_operacion (ID_RECURSO_OPERACION, ID_RECURSO, ID_OPERACION) VALUES ('-169', '-51', '2');
INSERT INTO recurso_operacion (ID_RECURSO_OPERACION, ID_RECURSO, ID_OPERACION) VALUES ('-170', '-51', '3');
INSERT INTO recurso_operacion (ID_RECURSO_OPERACION, ID_RECURSO, ID_OPERACION) VALUES ('-171', '-51', '4');
INSERT INTO recurso_operacion (ID_RECURSO_OPERACION, ID_RECURSO, ID_OPERACION) VALUES ('-172', '-51', '5');
-- 
--  permiso_recurso_operacion
-- 
INSERT INTO permiso_recurso_operacion (ID_PERMISO_RECURSO_OPERACION, ID_RECURSO_OPERACION, ID_ROL) VALUES ('-1', '-1', '2');
INSERT INTO permiso_recurso_operacion (ID_PERMISO_RECURSO_OPERACION, ID_RECURSO_OPERACION, ID_ROL) VALUES ('-2', '-2', '2');
INSERT INTO permiso_recurso_operacion (ID_PERMISO_RECURSO_OPERACION, ID_RECURSO_OPERACION, ID_ROL) VALUES ('-3', '-3', '-1');
INSERT INTO permiso_recurso_operacion (ID_PERMISO_RECURSO_OPERACION, ID_RECURSO_OPERACION, ID_ROL) VALUES ('-4', '-4', '-1');
INSERT INTO permiso_recurso_operacion (ID_PERMISO_RECURSO_OPERACION, ID_RECURSO_OPERACION, ID_ROL) VALUES ('-5', '-5', '-1');
INSERT INTO permiso_recurso_operacion (ID_PERMISO_RECURSO_OPERACION, ID_RECURSO_OPERACION, ID_ROL) VALUES ('-6', '-6', '-1');
INSERT INTO permiso_recurso_operacion (ID_PERMISO_RECURSO_OPERACION, ID_RECURSO_OPERACION, ID_ROL) VALUES ('-7', '-7', '-1');
INSERT INTO permiso_recurso_operacion (ID_PERMISO_RECURSO_OPERACION, ID_RECURSO_OPERACION, ID_ROL) VALUES ('-8', '-8', '-1');
INSERT INTO permiso_recurso_operacion (ID_PERMISO_RECURSO_OPERACION, ID_RECURSO_OPERACION, ID_ROL) VALUES ('-9', '-9', '-1');
INSERT INTO permiso_recurso_operacion (ID_PERMISO_RECURSO_OPERACION, ID_RECURSO_OPERACION, ID_ROL) VALUES ('-10', '-10', '-1');
INSERT INTO permiso_recurso_operacion (ID_PERMISO_RECURSO_OPERACION, ID_RECURSO_OPERACION, ID_ROL) VALUES ('-11', '-11', '-1');
INSERT INTO permiso_recurso_operacion (ID_PERMISO_RECURSO_OPERACION, ID_RECURSO_OPERACION, ID_ROL) VALUES ('-12', '-12', '-1');
INSERT INTO permiso_recurso_operacion (ID_PERMISO_RECURSO_OPERACION, ID_RECURSO_OPERACION, ID_ROL) VALUES ('-13', '-13', '-1');
INSERT INTO permiso_recurso_operacion (ID_PERMISO_RECURSO_OPERACION, ID_RECURSO_OPERACION, ID_ROL) VALUES ('-14', '-14', '-1');
INSERT INTO permiso_recurso_operacion (ID_PERMISO_RECURSO_OPERACION, ID_RECURSO_OPERACION, ID_ROL) VALUES ('-15', '-15', '-1');
INSERT INTO permiso_recurso_operacion (ID_PERMISO_RECURSO_OPERACION, ID_RECURSO_OPERACION, ID_ROL) VALUES ('-16', '-16', '-1');
INSERT INTO permiso_recurso_operacion (ID_PERMISO_RECURSO_OPERACION, ID_RECURSO_OPERACION, ID_ROL) VALUES ('-17', '-17', '-1');
INSERT INTO permiso_recurso_operacion (ID_PERMISO_RECURSO_OPERACION, ID_RECURSO_OPERACION, ID_ROL) VALUES ('-18', '-18', '-1');
INSERT INTO permiso_recurso_operacion (ID_PERMISO_RECURSO_OPERACION, ID_RECURSO_OPERACION, ID_ROL) VALUES ('-19', '-19', '-1');
INSERT INTO permiso_recurso_operacion (ID_PERMISO_RECURSO_OPERACION, ID_RECURSO_OPERACION, ID_ROL) VALUES ('-20', '-20', '-1');
INSERT INTO permiso_recurso_operacion (ID_PERMISO_RECURSO_OPERACION, ID_RECURSO_OPERACION, ID_ROL) VALUES ('-21', '-21', '-1');
INSERT INTO permiso_recurso_operacion (ID_PERMISO_RECURSO_OPERACION, ID_RECURSO_OPERACION, ID_ROL) VALUES ('-22', '-22', '-1');
INSERT INTO permiso_recurso_operacion (ID_PERMISO_RECURSO_OPERACION, ID_RECURSO_OPERACION, ID_ROL) VALUES ('-23', '-23', '-1');
INSERT INTO permiso_recurso_operacion (ID_PERMISO_RECURSO_OPERACION, ID_RECURSO_OPERACION, ID_ROL) VALUES ('-24', '-24', '-1');
INSERT INTO permiso_recurso_operacion (ID_PERMISO_RECURSO_OPERACION, ID_RECURSO_OPERACION, ID_ROL) VALUES ('-25', '-25', '-1');
INSERT INTO permiso_recurso_operacion (ID_PERMISO_RECURSO_OPERACION, ID_RECURSO_OPERACION, ID_ROL) VALUES ('-26', '-26', '-1');
INSERT INTO permiso_recurso_operacion (ID_PERMISO_RECURSO_OPERACION, ID_RECURSO_OPERACION, ID_ROL) VALUES ('-27', '-27', '-1');
INSERT INTO permiso_recurso_operacion (ID_PERMISO_RECURSO_OPERACION, ID_RECURSO_OPERACION, ID_ROL) VALUES ('-28', '-28', '-1');
INSERT INTO permiso_recurso_operacion (ID_PERMISO_RECURSO_OPERACION, ID_RECURSO_OPERACION, ID_ROL) VALUES ('-29', '-29', '-1');
INSERT INTO permiso_recurso_operacion (ID_PERMISO_RECURSO_OPERACION, ID_RECURSO_OPERACION, ID_ROL) VALUES ('-30', '-30', '-1');
INSERT INTO permiso_recurso_operacion (ID_PERMISO_RECURSO_OPERACION, ID_RECURSO_OPERACION, ID_ROL) VALUES ('-31', '-31', '-1');
INSERT INTO permiso_recurso_operacion (ID_PERMISO_RECURSO_OPERACION, ID_RECURSO_OPERACION, ID_ROL) VALUES ('-32', '-32', '-1');
INSERT INTO permiso_recurso_operacion (ID_PERMISO_RECURSO_OPERACION, ID_RECURSO_OPERACION, ID_ROL) VALUES ('-33', '-33', '-1');
INSERT INTO permiso_recurso_operacion (ID_PERMISO_RECURSO_OPERACION, ID_RECURSO_OPERACION, ID_ROL) VALUES ('-34', '-34', '-1');
INSERT INTO permiso_recurso_operacion (ID_PERMISO_RECURSO_OPERACION, ID_RECURSO_OPERACION, ID_ROL) VALUES ('-35', '-35', '-1');
INSERT INTO permiso_recurso_operacion (ID_PERMISO_RECURSO_OPERACION, ID_RECURSO_OPERACION, ID_ROL) VALUES ('-36', '-36', '-1');
INSERT INTO permiso_recurso_operacion (ID_PERMISO_RECURSO_OPERACION, ID_RECURSO_OPERACION, ID_ROL) VALUES ('-37', '-37', '-1');
INSERT INTO permiso_recurso_operacion (ID_PERMISO_RECURSO_OPERACION, ID_RECURSO_OPERACION, ID_ROL) VALUES ('-38', '-38', '-1');
INSERT INTO permiso_recurso_operacion (ID_PERMISO_RECURSO_OPERACION, ID_RECURSO_OPERACION, ID_ROL) VALUES ('-39', '-39', '-1');
INSERT INTO permiso_recurso_operacion (ID_PERMISO_RECURSO_OPERACION, ID_RECURSO_OPERACION, ID_ROL) VALUES ('-40', '-40', '-1');
INSERT INTO permiso_recurso_operacion (ID_PERMISO_RECURSO_OPERACION, ID_RECURSO_OPERACION, ID_ROL) VALUES ('-41', '-41', '-1');
INSERT INTO permiso_recurso_operacion (ID_PERMISO_RECURSO_OPERACION, ID_RECURSO_OPERACION, ID_ROL) VALUES ('-42', '-42', '-1');
INSERT INTO permiso_recurso_operacion (ID_PERMISO_RECURSO_OPERACION, ID_RECURSO_OPERACION, ID_ROL) VALUES ('-43', '-43', '-1');
INSERT INTO permiso_recurso_operacion (ID_PERMISO_RECURSO_OPERACION, ID_RECURSO_OPERACION, ID_ROL) VALUES ('-44', '-44', '-1');
INSERT INTO permiso_recurso_operacion (ID_PERMISO_RECURSO_OPERACION, ID_RECURSO_OPERACION, ID_ROL) VALUES ('-45', '-45', '-1');
INSERT INTO permiso_recurso_operacion (ID_PERMISO_RECURSO_OPERACION, ID_RECURSO_OPERACION, ID_ROL) VALUES ('-46', '-46', '-1');
INSERT INTO permiso_recurso_operacion (ID_PERMISO_RECURSO_OPERACION, ID_RECURSO_OPERACION, ID_ROL) VALUES ('-47', '-47', '-1');
INSERT INTO permiso_recurso_operacion (ID_PERMISO_RECURSO_OPERACION, ID_RECURSO_OPERACION, ID_ROL) VALUES ('-48', '-48', '-1');
INSERT INTO permiso_recurso_operacion (ID_PERMISO_RECURSO_OPERACION, ID_RECURSO_OPERACION, ID_ROL) VALUES ('-49', '-49', '-1');
INSERT INTO permiso_recurso_operacion (ID_PERMISO_RECURSO_OPERACION, ID_RECURSO_OPERACION, ID_ROL) VALUES ('-50', '-50', '-1');
INSERT INTO permiso_recurso_operacion (ID_PERMISO_RECURSO_OPERACION, ID_RECURSO_OPERACION, ID_ROL) VALUES ('-51', '-51', '-1');
INSERT INTO permiso_recurso_operacion (ID_PERMISO_RECURSO_OPERACION, ID_RECURSO_OPERACION, ID_ROL) VALUES ('-52', '-52', '-1');
INSERT INTO permiso_recurso_operacion (ID_PERMISO_RECURSO_OPERACION, ID_RECURSO_OPERACION, ID_ROL) VALUES ('-53', '-53', '-1');
INSERT INTO permiso_recurso_operacion (ID_PERMISO_RECURSO_OPERACION, ID_RECURSO_OPERACION, ID_ROL) VALUES ('-54', '-54', '-1');
INSERT INTO permiso_recurso_operacion (ID_PERMISO_RECURSO_OPERACION, ID_RECURSO_OPERACION, ID_ROL) VALUES ('-55', '-55', '-1');
INSERT INTO permiso_recurso_operacion (ID_PERMISO_RECURSO_OPERACION, ID_RECURSO_OPERACION, ID_ROL) VALUES ('-56', '-56', '-1');
INSERT INTO permiso_recurso_operacion (ID_PERMISO_RECURSO_OPERACION, ID_RECURSO_OPERACION, ID_ROL) VALUES ('-57', '-57', '-1');
INSERT INTO permiso_recurso_operacion (ID_PERMISO_RECURSO_OPERACION, ID_RECURSO_OPERACION, ID_ROL) VALUES ('-58', '-58', '-1');
INSERT INTO permiso_recurso_operacion (ID_PERMISO_RECURSO_OPERACION, ID_RECURSO_OPERACION, ID_ROL) VALUES ('-59', '-59', '-1');
INSERT INTO permiso_recurso_operacion (ID_PERMISO_RECURSO_OPERACION, ID_RECURSO_OPERACION, ID_ROL) VALUES ('-60', '-60', '-1');
INSERT INTO permiso_recurso_operacion (ID_PERMISO_RECURSO_OPERACION, ID_RECURSO_OPERACION, ID_ROL) VALUES ('-61', '-61', '-1');
INSERT INTO permiso_recurso_operacion (ID_PERMISO_RECURSO_OPERACION, ID_RECURSO_OPERACION, ID_ROL) VALUES ('-62', '-62', '-1');
INSERT INTO permiso_recurso_operacion (ID_PERMISO_RECURSO_OPERACION, ID_RECURSO_OPERACION, ID_ROL) VALUES ('-63', '-63', '-1');
INSERT INTO permiso_recurso_operacion (ID_PERMISO_RECURSO_OPERACION, ID_RECURSO_OPERACION, ID_ROL) VALUES ('-64', '-64', '-1');
INSERT INTO permiso_recurso_operacion (ID_PERMISO_RECURSO_OPERACION, ID_RECURSO_OPERACION, ID_ROL) VALUES ('-65', '-65', '-1');
INSERT INTO permiso_recurso_operacion (ID_PERMISO_RECURSO_OPERACION, ID_RECURSO_OPERACION, ID_ROL) VALUES ('-66', '-66', '-1');
INSERT INTO permiso_recurso_operacion (ID_PERMISO_RECURSO_OPERACION, ID_RECURSO_OPERACION, ID_ROL) VALUES ('-67', '-67', '-1');
INSERT INTO permiso_recurso_operacion (ID_PERMISO_RECURSO_OPERACION, ID_RECURSO_OPERACION, ID_ROL) VALUES ('-68', '-68', '-1');
INSERT INTO permiso_recurso_operacion (ID_PERMISO_RECURSO_OPERACION, ID_RECURSO_OPERACION, ID_ROL) VALUES ('-69', '-69', '-1');
INSERT INTO permiso_recurso_operacion (ID_PERMISO_RECURSO_OPERACION, ID_RECURSO_OPERACION, ID_ROL) VALUES ('-70', '-70', '-1');
INSERT INTO permiso_recurso_operacion (ID_PERMISO_RECURSO_OPERACION, ID_RECURSO_OPERACION, ID_ROL) VALUES ('-71', '-71', '-1');
INSERT INTO permiso_recurso_operacion (ID_PERMISO_RECURSO_OPERACION, ID_RECURSO_OPERACION, ID_ROL) VALUES ('-72', '-72', '-1');
INSERT INTO permiso_recurso_operacion (ID_PERMISO_RECURSO_OPERACION, ID_RECURSO_OPERACION, ID_ROL) VALUES ('-73', '-73', '-1');
INSERT INTO permiso_recurso_operacion (ID_PERMISO_RECURSO_OPERACION, ID_RECURSO_OPERACION, ID_ROL) VALUES ('-74', '-74', '-1');
INSERT INTO permiso_recurso_operacion (ID_PERMISO_RECURSO_OPERACION, ID_RECURSO_OPERACION, ID_ROL) VALUES ('-75', '-75', '-1');
INSERT INTO permiso_recurso_operacion (ID_PERMISO_RECURSO_OPERACION, ID_RECURSO_OPERACION, ID_ROL) VALUES ('-76', '-76', '-1');
INSERT INTO permiso_recurso_operacion (ID_PERMISO_RECURSO_OPERACION, ID_RECURSO_OPERACION, ID_ROL) VALUES ('-77', '-77', '-1');
INSERT INTO permiso_recurso_operacion (ID_PERMISO_RECURSO_OPERACION, ID_RECURSO_OPERACION, ID_ROL) VALUES ('-78', '-78', '-1');
INSERT INTO permiso_recurso_operacion (ID_PERMISO_RECURSO_OPERACION, ID_RECURSO_OPERACION, ID_ROL) VALUES ('-79', '-79', '-1');
INSERT INTO permiso_recurso_operacion (ID_PERMISO_RECURSO_OPERACION, ID_RECURSO_OPERACION, ID_ROL) VALUES ('-80', '-80', '-1');
INSERT INTO permiso_recurso_operacion (ID_PERMISO_RECURSO_OPERACION, ID_RECURSO_OPERACION, ID_ROL) VALUES ('-81', '-81', '-1');
INSERT INTO permiso_recurso_operacion (ID_PERMISO_RECURSO_OPERACION, ID_RECURSO_OPERACION, ID_ROL) VALUES ('-82', '-82', '-1');
INSERT INTO permiso_recurso_operacion (ID_PERMISO_RECURSO_OPERACION, ID_RECURSO_OPERACION, ID_ROL) VALUES ('-83', '-83', '-1');
INSERT INTO permiso_recurso_operacion (ID_PERMISO_RECURSO_OPERACION, ID_RECURSO_OPERACION, ID_ROL) VALUES ('-84', '-84', '-1');
INSERT INTO permiso_recurso_operacion (ID_PERMISO_RECURSO_OPERACION, ID_RECURSO_OPERACION, ID_ROL) VALUES ('-85', '-85', '-1');
INSERT INTO permiso_recurso_operacion (ID_PERMISO_RECURSO_OPERACION, ID_RECURSO_OPERACION, ID_ROL) VALUES ('-86', '-86', '-1');
INSERT INTO permiso_recurso_operacion (ID_PERMISO_RECURSO_OPERACION, ID_RECURSO_OPERACION, ID_ROL) VALUES ('-87', '-87', '-1');
INSERT INTO permiso_recurso_operacion (ID_PERMISO_RECURSO_OPERACION, ID_RECURSO_OPERACION, ID_ROL) VALUES ('-88', '-88', '-1');
INSERT INTO permiso_recurso_operacion (ID_PERMISO_RECURSO_OPERACION, ID_RECURSO_OPERACION, ID_ROL) VALUES ('-89', '-89', '-1');
INSERT INTO permiso_recurso_operacion (ID_PERMISO_RECURSO_OPERACION, ID_RECURSO_OPERACION, ID_ROL) VALUES ('-90', '-90', '-1');
INSERT INTO permiso_recurso_operacion (ID_PERMISO_RECURSO_OPERACION, ID_RECURSO_OPERACION, ID_ROL) VALUES ('-91', '-91', '-1');
INSERT INTO permiso_recurso_operacion (ID_PERMISO_RECURSO_OPERACION, ID_RECURSO_OPERACION, ID_ROL) VALUES ('-92', '-92', '-1');
INSERT INTO permiso_recurso_operacion (ID_PERMISO_RECURSO_OPERACION, ID_RECURSO_OPERACION, ID_ROL) VALUES ('-93', '-93', '-1');
INSERT INTO permiso_recurso_operacion (ID_PERMISO_RECURSO_OPERACION, ID_RECURSO_OPERACION, ID_ROL) VALUES ('-94', '-94', '-1');
INSERT INTO permiso_recurso_operacion (ID_PERMISO_RECURSO_OPERACION, ID_RECURSO_OPERACION, ID_ROL) VALUES ('-95', '-95', '-1');
INSERT INTO permiso_recurso_operacion (ID_PERMISO_RECURSO_OPERACION, ID_RECURSO_OPERACION, ID_ROL) VALUES ('-96', '-96', '-1');
INSERT INTO permiso_recurso_operacion (ID_PERMISO_RECURSO_OPERACION, ID_RECURSO_OPERACION, ID_ROL) VALUES ('-97', '-97', '-1');
INSERT INTO permiso_recurso_operacion (ID_PERMISO_RECURSO_OPERACION, ID_RECURSO_OPERACION, ID_ROL) VALUES ('-98', '-98', '-1');
INSERT INTO permiso_recurso_operacion (ID_PERMISO_RECURSO_OPERACION, ID_RECURSO_OPERACION, ID_ROL) VALUES ('-99', '-99', '-1');
INSERT INTO permiso_recurso_operacion (ID_PERMISO_RECURSO_OPERACION, ID_RECURSO_OPERACION, ID_ROL) VALUES ('-100', '-100', '-1');
INSERT INTO permiso_recurso_operacion (ID_PERMISO_RECURSO_OPERACION, ID_RECURSO_OPERACION, ID_ROL) VALUES ('-101', '-101', '-1');
INSERT INTO permiso_recurso_operacion (ID_PERMISO_RECURSO_OPERACION, ID_RECURSO_OPERACION, ID_ROL) VALUES ('-102', '-102', '-1');
INSERT INTO permiso_recurso_operacion (ID_PERMISO_RECURSO_OPERACION, ID_RECURSO_OPERACION, ID_ROL) VALUES ('-103', '-103', '-1');
INSERT INTO permiso_recurso_operacion (ID_PERMISO_RECURSO_OPERACION, ID_RECURSO_OPERACION, ID_ROL) VALUES ('-104', '-104', '-1');
INSERT INTO permiso_recurso_operacion (ID_PERMISO_RECURSO_OPERACION, ID_RECURSO_OPERACION, ID_ROL) VALUES ('-105', '-105', '-1');
INSERT INTO permiso_recurso_operacion (ID_PERMISO_RECURSO_OPERACION, ID_RECURSO_OPERACION, ID_ROL) VALUES ('-106', '-106', '-1');
INSERT INTO permiso_recurso_operacion (ID_PERMISO_RECURSO_OPERACION, ID_RECURSO_OPERACION, ID_ROL) VALUES ('-107', '-107', '-1');
INSERT INTO permiso_recurso_operacion (ID_PERMISO_RECURSO_OPERACION, ID_RECURSO_OPERACION, ID_ROL) VALUES ('-108', '-108', '-1');
INSERT INTO permiso_recurso_operacion (ID_PERMISO_RECURSO_OPERACION, ID_RECURSO_OPERACION, ID_ROL) VALUES ('-109', '-109', '-1');
INSERT INTO permiso_recurso_operacion (ID_PERMISO_RECURSO_OPERACION, ID_RECURSO_OPERACION, ID_ROL) VALUES ('-110', '-110', '-1');
INSERT INTO permiso_recurso_operacion (ID_PERMISO_RECURSO_OPERACION, ID_RECURSO_OPERACION, ID_ROL) VALUES ('-111', '-111', '-1');
INSERT INTO permiso_recurso_operacion (ID_PERMISO_RECURSO_OPERACION, ID_RECURSO_OPERACION, ID_ROL) VALUES ('-112', '-112', '-1');
INSERT INTO permiso_recurso_operacion (ID_PERMISO_RECURSO_OPERACION, ID_RECURSO_OPERACION, ID_ROL) VALUES ('-113', '-113', '-1');
INSERT INTO permiso_recurso_operacion (ID_PERMISO_RECURSO_OPERACION, ID_RECURSO_OPERACION, ID_ROL) VALUES ('-114', '-114', '-1');
INSERT INTO permiso_recurso_operacion (ID_PERMISO_RECURSO_OPERACION, ID_RECURSO_OPERACION, ID_ROL) VALUES ('-115', '-115', '-1');
INSERT INTO permiso_recurso_operacion (ID_PERMISO_RECURSO_OPERACION, ID_RECURSO_OPERACION, ID_ROL) VALUES ('-116', '-116', '-1');
INSERT INTO permiso_recurso_operacion (ID_PERMISO_RECURSO_OPERACION, ID_RECURSO_OPERACION, ID_ROL) VALUES ('-117', '-117', '-1');
INSERT INTO permiso_recurso_operacion (ID_PERMISO_RECURSO_OPERACION, ID_RECURSO_OPERACION, ID_ROL) VALUES ('-118', '-118', '-1');
INSERT INTO permiso_recurso_operacion (ID_PERMISO_RECURSO_OPERACION, ID_RECURSO_OPERACION, ID_ROL) VALUES ('-119', '-119', '-1');
INSERT INTO permiso_recurso_operacion (ID_PERMISO_RECURSO_OPERACION, ID_RECURSO_OPERACION, ID_ROL) VALUES ('-120', '-120', '-1');
INSERT INTO permiso_recurso_operacion (ID_PERMISO_RECURSO_OPERACION, ID_RECURSO_OPERACION, ID_ROL) VALUES ('-121', '-121', '-1');
INSERT INTO permiso_recurso_operacion (ID_PERMISO_RECURSO_OPERACION, ID_RECURSO_OPERACION, ID_ROL) VALUES ('-122', '-122', '-1');
INSERT INTO permiso_recurso_operacion (ID_PERMISO_RECURSO_OPERACION, ID_RECURSO_OPERACION, ID_ROL) VALUES ('-123', '-123', '-1');
INSERT INTO permiso_recurso_operacion (ID_PERMISO_RECURSO_OPERACION, ID_RECURSO_OPERACION, ID_ROL) VALUES ('-124', '-124', '-1');
INSERT INTO permiso_recurso_operacion (ID_PERMISO_RECURSO_OPERACION, ID_RECURSO_OPERACION, ID_ROL) VALUES ('-125', '-125', '-1');
INSERT INTO permiso_recurso_operacion (ID_PERMISO_RECURSO_OPERACION, ID_RECURSO_OPERACION, ID_ROL) VALUES ('-126', '-126', '-1');
INSERT INTO permiso_recurso_operacion (ID_PERMISO_RECURSO_OPERACION, ID_RECURSO_OPERACION, ID_ROL) VALUES ('-127', '-127', '-1');
INSERT INTO permiso_recurso_operacion (ID_PERMISO_RECURSO_OPERACION, ID_RECURSO_OPERACION, ID_ROL) VALUES ('-128', '-128', '-1');
INSERT INTO permiso_recurso_operacion (ID_PERMISO_RECURSO_OPERACION, ID_RECURSO_OPERACION, ID_ROL) VALUES ('-129', '-129', '-1');
INSERT INTO permiso_recurso_operacion (ID_PERMISO_RECURSO_OPERACION, ID_RECURSO_OPERACION, ID_ROL) VALUES ('-130', '-130', '-1');
INSERT INTO permiso_recurso_operacion (ID_PERMISO_RECURSO_OPERACION, ID_RECURSO_OPERACION, ID_ROL) VALUES ('-131', '-131', '-1');
INSERT INTO permiso_recurso_operacion (ID_PERMISO_RECURSO_OPERACION, ID_RECURSO_OPERACION, ID_ROL) VALUES ('-132', '-132', '-1');
INSERT INTO permiso_recurso_operacion (ID_PERMISO_RECURSO_OPERACION, ID_RECURSO_OPERACION, ID_ROL) VALUES ('-133', '-133', '-1');
INSERT INTO permiso_recurso_operacion (ID_PERMISO_RECURSO_OPERACION, ID_RECURSO_OPERACION, ID_ROL) VALUES ('-134', '-134', '-1');
INSERT INTO permiso_recurso_operacion (ID_PERMISO_RECURSO_OPERACION, ID_RECURSO_OPERACION, ID_ROL) VALUES ('-135', '-135', '-1');
INSERT INTO permiso_recurso_operacion (ID_PERMISO_RECURSO_OPERACION, ID_RECURSO_OPERACION, ID_ROL) VALUES ('-136', '-136', '-1');
INSERT INTO permiso_recurso_operacion (ID_PERMISO_RECURSO_OPERACION, ID_RECURSO_OPERACION, ID_ROL) VALUES ('-137', '-137', '-1');
INSERT INTO permiso_recurso_operacion (ID_PERMISO_RECURSO_OPERACION, ID_RECURSO_OPERACION, ID_ROL) VALUES ('-138', '-138', '-1');
INSERT INTO permiso_recurso_operacion (ID_PERMISO_RECURSO_OPERACION, ID_RECURSO_OPERACION, ID_ROL) VALUES ('-139', '-139', '-1');
INSERT INTO permiso_recurso_operacion (ID_PERMISO_RECURSO_OPERACION, ID_RECURSO_OPERACION, ID_ROL) VALUES ('-140', '-140', '-1');
INSERT INTO permiso_recurso_operacion (ID_PERMISO_RECURSO_OPERACION, ID_RECURSO_OPERACION, ID_ROL) VALUES ('-141', '-141', '-1');
INSERT INTO permiso_recurso_operacion (ID_PERMISO_RECURSO_OPERACION, ID_RECURSO_OPERACION, ID_ROL) VALUES ('-142', '-142', '-1');
INSERT INTO permiso_recurso_operacion (ID_PERMISO_RECURSO_OPERACION, ID_RECURSO_OPERACION, ID_ROL) VALUES ('-143', '-143', '-1');
INSERT INTO permiso_recurso_operacion (ID_PERMISO_RECURSO_OPERACION, ID_RECURSO_OPERACION, ID_ROL) VALUES ('-144', '-144', '-1');
INSERT INTO permiso_recurso_operacion (ID_PERMISO_RECURSO_OPERACION, ID_RECURSO_OPERACION, ID_ROL) VALUES ('-145', '-145', '-1');
INSERT INTO permiso_recurso_operacion (ID_PERMISO_RECURSO_OPERACION, ID_RECURSO_OPERACION, ID_ROL) VALUES ('-146', '-146', '-1');
INSERT INTO permiso_recurso_operacion (ID_PERMISO_RECURSO_OPERACION, ID_RECURSO_OPERACION, ID_ROL) VALUES ('-147', '-147', '-1');
INSERT INTO permiso_recurso_operacion (ID_PERMISO_RECURSO_OPERACION, ID_RECURSO_OPERACION, ID_ROL) VALUES ('-148', '-148', '-1');
INSERT INTO permiso_recurso_operacion (ID_PERMISO_RECURSO_OPERACION, ID_RECURSO_OPERACION, ID_ROL) VALUES ('-149', '-149', '-1');
INSERT INTO permiso_recurso_operacion (ID_PERMISO_RECURSO_OPERACION, ID_RECURSO_OPERACION, ID_ROL) VALUES ('-150', '-150', '-1');
INSERT INTO permiso_recurso_operacion (ID_PERMISO_RECURSO_OPERACION, ID_RECURSO_OPERACION, ID_ROL) VALUES ('-151', '-151', '-1');
INSERT INTO permiso_recurso_operacion (ID_PERMISO_RECURSO_OPERACION, ID_RECURSO_OPERACION, ID_ROL) VALUES ('-152', '-152', '-1');
INSERT INTO permiso_recurso_operacion (ID_PERMISO_RECURSO_OPERACION, ID_RECURSO_OPERACION, ID_ROL) VALUES ('-153', '-153', '-1');
INSERT INTO permiso_recurso_operacion (ID_PERMISO_RECURSO_OPERACION, ID_RECURSO_OPERACION, ID_ROL) VALUES ('-154', '-154', '-1');
INSERT INTO permiso_recurso_operacion (ID_PERMISO_RECURSO_OPERACION, ID_RECURSO_OPERACION, ID_ROL) VALUES ('-155', '-155', '-1');
INSERT INTO permiso_recurso_operacion (ID_PERMISO_RECURSO_OPERACION, ID_RECURSO_OPERACION, ID_ROL) VALUES ('-156', '-156', '-1');
INSERT INTO permiso_recurso_operacion (ID_PERMISO_RECURSO_OPERACION, ID_RECURSO_OPERACION, ID_ROL) VALUES ('-157', '-157', '-1');
INSERT INTO permiso_recurso_operacion (ID_PERMISO_RECURSO_OPERACION, ID_RECURSO_OPERACION, ID_ROL) VALUES ('-158', '-158', '-1');
INSERT INTO permiso_recurso_operacion (ID_PERMISO_RECURSO_OPERACION, ID_RECURSO_OPERACION, ID_ROL) VALUES ('-159', '-159', '-1');
INSERT INTO permiso_recurso_operacion (ID_PERMISO_RECURSO_OPERACION, ID_RECURSO_OPERACION, ID_ROL) VALUES ('-160', '-160', '-1');
INSERT INTO permiso_recurso_operacion (ID_PERMISO_RECURSO_OPERACION, ID_RECURSO_OPERACION, ID_ROL) VALUES ('-161', '-161', '-1');
INSERT INTO permiso_recurso_operacion (ID_PERMISO_RECURSO_OPERACION, ID_RECURSO_OPERACION, ID_ROL) VALUES ('-162', '-162', '-1');
INSERT INTO permiso_recurso_operacion (ID_PERMISO_RECURSO_OPERACION, ID_RECURSO_OPERACION, ID_ROL) VALUES ('-163', '-163', '-1');
INSERT INTO permiso_recurso_operacion (ID_PERMISO_RECURSO_OPERACION, ID_RECURSO_OPERACION, ID_ROL) VALUES ('-164', '-164', '-1');
INSERT INTO permiso_recurso_operacion (ID_PERMISO_RECURSO_OPERACION, ID_RECURSO_OPERACION, ID_ROL) VALUES ('-165', '-165', '-1');
INSERT INTO permiso_recurso_operacion (ID_PERMISO_RECURSO_OPERACION, ID_RECURSO_OPERACION, ID_ROL) VALUES ('-166', '-166', '-1');
INSERT INTO permiso_recurso_operacion (ID_PERMISO_RECURSO_OPERACION, ID_RECURSO_OPERACION, ID_ROL) VALUES ('-167', '-167', '-1');
INSERT INTO permiso_recurso_operacion (ID_PERMISO_RECURSO_OPERACION, ID_RECURSO_OPERACION, ID_ROL) VALUES ('-168', '-168', '-1');
INSERT INTO permiso_recurso_operacion (ID_PERMISO_RECURSO_OPERACION, ID_RECURSO_OPERACION, ID_ROL) VALUES ('-169', '-169', '-1');
INSERT INTO permiso_recurso_operacion (ID_PERMISO_RECURSO_OPERACION, ID_RECURSO_OPERACION, ID_ROL) VALUES ('-170', '-170', '-1');
INSERT INTO permiso_recurso_operacion (ID_PERMISO_RECURSO_OPERACION, ID_RECURSO_OPERACION, ID_ROL) VALUES ('-171', '-171', '-1');
INSERT INTO permiso_recurso_operacion (ID_PERMISO_RECURSO_OPERACION, ID_RECURSO_OPERACION, ID_ROL) VALUES ('-172', '-172', '-1');
